yr,gifts_donations_rptd_by_taxpayers_p_num,gifts_donations_rptd_by_taxpayers_med_aud,mtd_trvl_wrk_empy_p_used1mtd_train_tram_num,mtd_trvl_wrk_empy_p_used1mtd_bus_num,mtd_trvl_wrk_empy_p_used1mtd_car_as_driver_pax_num,mtd_trvl_wrk_empy_p_used1mtd_motor_bike_scooter_num,mtd_trvl_wrk_empy_p_used1mtd_bicycle_num,mtd_trvl_wrk_empy_p_used1mtd_oth_inc_taxis_num,mtd_trvl_wrk_empy_p_used1mtd_walked_only_num,mtd_trvl_wrk_empy_p_tot_used1mtd_num,mtd_trvl_wrk_empy_p_tot_used_more_than1mtd_num,mtd_trvl_wrk_empy_p_oth_wrked_home_num,mtd_trvl_wrk_empy_p_oth_empy_but_no_wrk_num,mtd_trvl_wrk_empy_p_oth_mtd_trvl_ns_num,mtd_trvl_wrk_empy_p_tot_empy_num,hslds_by_type_lone_hslds_num,hslds_by_type_grp_hslds_num,hslds_by_type_fam_hslds_num,hslds_by_type_tot_hslds_num,hslds_by_type_avg_hsld_size_num,fam_by_type_cpl_fam_chld_under_15_and_or_dpnt_studts_num,fam_by_type_cpl_fam_non_dpnt_chld_only_num,fam_by_type_cpl_fam_wo_chld_num,fam_by_type1prnt_fam_chld_under_15_or_dpnt_studts_num,fam_by_type1prnt_fam_non_dpnt_chld_only_num,fam_by_type_oth_fam_num,fam_by_type_tot_fam_num,fam_by_type_avg_fam_size_num,soc_mar_st_regd_mar_st_married_regd_marriage_num,soc_mar_st_regd_mar_st_married_de_facto_marriage_num,soc_mar_st_regd_mar_st_no_married_num,soc_mar_st_regd_mar_st_married_pr100,soc_mar_st_regd_mar_st_never_married_pr100,soc_mar_st_regd_mar_st_widowed_pr100,soc_mar_st_regd_mar_st_divorced_pr100,soc_mar_st_regd_mar_st_separtd_pr100,access_net_home_net_acsd_dwl_pr100,access_net_home_net_no_acsd_dwl_pr100,rent_mrtg_pay_avg_monthly_hsld_rent_payment_aud,rent_mrtg_pay_avg_monthly_hsld_mrtg_payment_aud,unpd_ccare_p_no_prov_ccare_pr100,unpd_ccare_p_cared_own_chld_chld_pr100,unpd_ccare_p_cared_oth_chld_chld_pr100,unpd_ccare_p_cared_own_chld_chld_oth_chld_chld_pr100,unpd_ccare_unpd_ccare_ns_pr100,unpd_wrk_p_provd_unpd_asst_p_dsblty_pr100,unpd_wrk_p_undertaking_voltry_wrk_org_grp_pr100,count_all_chld_fam_avg_num_all_chld_fam_num,hous_suitbl_dwl_xtr_bdrms_num,hous_suitbl_dwl_bdrms_spare_num,hous_suitbl_dwl_no_bdrms_spare_num,dwl_structure_separt_hse_num,dwl_structure_semi_det_row_tce_house_twnhse_etc_num,dwl_structure_flat_apartment_num,dwl_structure_oth_dwl_num,tenure_type_owned_outright_pr100,tenure_type_owned_mrtg_pr100,tenure_type_rent_pr100,hsld_strs_hslds_mrtg_repay_less_30_pr100_hsld_inc_pr100,hsld_strs_hslds_mrtg_repay_grt_eq_30_pr100_hsld_inc_pr100,hsld_strs_hslds_rent_pay_less_30_pr100_hsld_inc_pr100,hsld_strs_hslds_rent_pay_grt_eq_30_pr100_hsld_inc_pr100,homelessness_homelessness_rt10000_p_rt,commuting_wrk_avg_comdist_p_of_ur_kms,commuting_wrk_med_comdist_p_of_ur_kms,commuting_wrk_avg_comdist_place_wrk_kms,commuting_wrk_med_comdist_place_wrk_kms,commuting_wrk_avg_comdist_p_of_ur_f_kms,commuting_wrk_avg_comdist_p_of_ur_m_kms,commuting_wrk_med_comdist_p_of_ur_f_kms,commuting_wrk_med_comdist_p_of_ur_m_kms,commuting_wrk_avg_comdist_p_of_ur_managers_kms,commuting_wrk_avg_comdist_p_of_ur_pros_kms,commuting_wrk_avg_comdist_p_of_ur_tech_trades_wrkers_kms,commuting_wrk_avg_comdist_p_of_ur_cmty_p_wrkers_kms,commuting_wrk_avg_comdist_p_of_ur_clrc_admt_wrkers_kms,commuting_wrk_avg_comdist_p_of_ur_sales_wrkers_kms,commuting_wrk_avg_comdist_p_of_ur_mach_ops_drivers_kms,commuting_wrk_avg_comdist_p_of_ur_labourers_kms,commuting_wrk_med_comdist_p_of_ur_managers_kms,commuting_wrk_med_comdist_p_of_ur_pros_kms,commuting_wrk_med_comdist_p_of_ur_tech_trades_wrkers_kms,commuting_wrk_med_comdist_p_of_ur_cmty_p_wrk_kms,commuting_wrk_med_comdist_p_of_ur_clrc_admt_wrkers_kms,commuting_wrk_med_comdist_p_of_ur_sales_wrkers_kms,commuting_wrk_med_comdist_p_of_ur_mach_ops_drivers_kms,commuting_wrk_med_comdist_p_of_ur_labourers_kms,commuting_wrk_avg_comdist_p_of_ur_postgrad_degree_kms,commuting_wrk_avg_comdist_p_of_ur_grad_dip_grad_cert_kms,commuting_wrk_avg_comdist_p_of_ur_bachelor_degree_kms,commuting_wrk_avg_comdist_p_of_ur_adv_dip_dip_kms,commuting_wrk_avg_comdist_p_of_ur_certificate_iii_iv_kms,commuting_wrk_avg_comdist_p_of_ur_certificate_i_ii_kms,commuting_wrk_avg_comdist_p_of_ur_yr_10_above_kms,commuting_wrk_avg_comdist_p_of_ur_yr_9_belo_kms,commuting_wrk_med_comdist_p_of_ur_postgrad_degree_kms,commuting_wrk_med_comdist_p_of_ur_grad_dip_grad_cert_kms,commuting_wrk_med_comdist_p_of_ur_bachelor_degree_kms,commuting_wrk_med_comdist_p_of_ur_adv_dip_dip_kms,commuting_wrk_med_comdist_p_of_ur_certificate_iii_iv_kms,commuting_wrk_med_comdist_p_of_ur_certificate_i_ii_kms,commuting_wrk_med_comdist_p_of_ur_yr_10_above_kms,commuting_wrk_med_comdist_p_of_ur_yr_9_belo_kms,gcc_code16,gcc_name16,ogc_fid
2011,975754,125,188925.0,107895.0,1200504.0,12644.0,15626.0,15459.0,84556.0,1654036.0,118747.0,81610.0,178359.0,30517.0,2063269.0,343808.0,64954.0,1112635.0,1521399.0,3.0,457282.0,106607.0,385713.0,113012.0,68203.0,21731.0,1152551.0,3.0,1615890.0,242552.0,1368899.0,49.7,34.7,5.1,7.6,2.8,,,1575.0,2390.0,64.8,20.0,6.6,0.7,7.9,10.8,15.1,1.9,,,,926062.0,194168.0,391891.0,7004.0,30.4,34.8,31.6,88.0,12.0,87.4,12.6,45.1,,,,,,,,,,,,,,,,,,,,,,,,,,,,,,,,,,,,,,,,,1GSYD,Greater Sydney,1
2012,934484,142,,,,,,,,,,,,,,,,,,,,,,,,,,,,,,,,,,,,,,,,,,,,,,,,,,,,,,,,,,,,,,,,,,,,,,,,,,,,,,,,,,,,,,,,,,,,,,,,,,,,,,1GSYD,Greater Sydney,2
2013,944840,150,,,,,,,,,,,,,,,,,,,,,,,,,,,,,,,,,,,,,,,,,,,,,,,,,,,,,,,,,,,,,,,,,,,,,,,,,,,,,,,,,,,,,,,,,,,,,,,,,,,,,,1GSYD,Greater Sydney,3
2014,959458,150,,,,,,,,,,,,,,,,,,,,,,,,,,,,,,,,,,,,,,,,,,,,,,,,,,,,,,,,,,,,,,,,,,,,,,,,,,,,,,,,,,,,,,,,,,,,,,,,,,,,,,1GSYD,Greater Sydney,4
2015,985502,150,,,,,,,,,,,,,,,,,,,,,,,,,,,,,,,,,,,,,,,,,,,,,,,,,,,,,,,,,,,,,,,,,,,,,,,,,,,,,,,,,,,,,,,,,,,,,,,,,,,,,,1GSYD,Greater Sydney,5
2016,973095,159,249669.0,125503.0,1286546.0,14890.0,16471.0,17078.0,91577.0,1828741.0,147618.0,98906.0,176467.0,20986.0,2272718.0,351423.0,76795.0,1195662.0,1623872.0,3.0,501235.0,116187.0,416588.0,113778.0,76269.0,22992.0,1247047.0,3.0,1717301.0,303434.0,1518312.0,49.3,35.5,4.7,7.6,2.8,85.6,11.7,1996.0,2384.0,65.2,20.3,6.4,0.6,7.5,11.1,16.7,1.9,106750.0,1015542.0,400304.0,924225.0,227235.0,456231.0,9132.0,29.1,33.2,34.1,91.6,8.4,85.8,14.2,60.2,15.3,10.6,16.0,10.8,13.8,16.6,9.5,11.8,16.2,15.0,17.2,13.7,15.9,12.7,16.8,14.3,11.4,10.7,12.1,8.5,11.7,8.1,12.5,9.6,14.8,14.8,14.7,15.8,17.6,15.7,14.8,13.7,11.1,10.4,10.7,10.9,12.0,9.9,9.9,8.5,1GSYD,Greater Sydney,6
2011,508581,78,5195.0,8574.0,762470.0,6966.0,7689.0,8443.0,43396.0,859599.0,12183.0,61422.0,120551.0,17618.0,1071373.0,255336.0,29799.0,664768.0,949900.0,2.0,219110.0,48860.0,283300.0,80704.0,35986.0,9048.0,677002.0,3.0,898484.0,176172.0,727347.0,49.0,31.2,7.0,9.4,3.4,,,991.0,1720.0,64.2,19.0,7.9,1.0,7.8,12.5,20.0,1.9,,,,791640.0,69756.0,73293.0,14141.0,37.7,31.0,27.6,92.0,8.0,90.0,10.0,30.8,,,,,,,,,,,,,,,,,,,,,,,,,,,,,,,,,,,,,,,,,1RNSW,Rest of NSW,7
2012,473634,90,,,,,,,,,,,,,,,,,,,,,,,,,,,,,,,,,,,,,,,,,,,,,,,,,,,,,,,,,,,,,,,,,,,,,,,,,,,,,,,,,,,,,,,,,,,,,,,,,,,,,,1RNSW,Rest of NSW,8
2013,471900,100,,,,,,,,,,,,,,,,,,,,,,,,,,,,,,,,,,,,,,,,,,,,,,,,,,,,,,,,,,,,,,,,,,,,,,,,,,,,,,,,,,,,,,,,,,,,,,,,,,,,,,1RNSW,Rest of NSW,9
2014,473603,100,,,,,,,,,,,,,,,,,,,,,,,,,,,,,,,,,,,,,,,,,,,,,,,,,,,,,,,,,,,,,,,,,,,,,,,,,,,,,,,,,,,,,,,,,,,,,,,,,,,,,,1RNSW,Rest of NSW,10
2015,478723,100,,,,,,,,,,,,,,,,,,,,,,,,,,,,,,,,,,,,,,,,,,,,,,,,,,,,,,,,,,,,,,,,,,,,,,,,,,,,,,,,,,,,,,,,,,,,,,,,,,,,,,1RNSW,Rest of NSW,11
2016,470729,100,5570.0,8224.0,810075.0,6251.0,6824.0,8309.0,39029.0,897875.0,13041.0,64010.0,116274.0,12963.0,1104163.0,269360.0,32214.0,678869.0,980442.0,2.0,217125.0,52808.0,292934.0,78846.0,42014.0,9450.0,693180.0,3.0,895321.0,202701.0,772575.0,47.7,32.2,6.7,9.8,3.6,77.4,19.5,1212.0,1719.0,63.3,18.3,7.9,0.8,9.6,12.6,20.8,1.9,24296.0,749276.0,147283.0,805591.0,90212.0,63144.0,14462.0,37.4,30.6,27.9,94.2,5.8,89.2,10.8,32.8,18.4,7.8,16.3,7.2,16.0,20.8,7.0,8.7,19.7,19.9,19.8,16.4,16.5,13.2,25.3,16.8,7.2,8.7,8.9,6.8,7.8,5.7,13.0,7.0,21.8,20.2,19.7,19.1,19.1,16.2,16.9,16.1,9.0,9.3,8.6,8.4,8.5,6.5,6.9,6.0,1RNSW,Rest of NSW,12
2011,939014,100,158385.0,22555.0,1249344.0,7929.0,25705.0,12274.0,56414.0,1547305.0,94771.0,70794.0,185082.0,29976.0,1927928.0,333280.0,66973.0,1030407.0,1430661.0,3.0,412173.0,93771.0,366856.0,101022.0,60180.0,21592.0,1055602.0,3.0,1461503.0,248739.0,1268491.0,48.8,35.9,5.1,7.4,2.7,,,1364.0,1997.0,65.7,19.7,6.6,0.8,7.3,10.9,15.8,1.8,,,,1039343.0,165484.0,219116.0,6161.0,32.7,36.8,27.2,89.0,11.0,90.3,9.7,45.6,,,,,,,,,,,,,,,,,,,,,,,,,,,,,,,,,,,,,,,,,2GMEL,Greater Melbourne,13
2012,910804,100,,,,,,,,,,,,,,,,,,,,,,,,,,,,,,,,,,,,,,,,,,,,,,,,,,,,,,,,,,,,,,,,,,,,,,,,,,,,,,,,,,,,,,,,,,,,,,,,,,,,,,2GMEL,Greater Melbourne,14
2013,922149,100,,,,,,,,,,,,,,,,,,,,,,,,,,,,,,,,,,,,,,,,,,,,,,,,,,,,,,,,,,,,,,,,,,,,,,,,,,,,,,,,,,,,,,,,,,,,,,,,,,,,,,2GMEL,Greater Melbourne,15
2014,935404,100,,,,,,,,,,,,,,,,,,,,,,,,,,,,,,,,,,,,,,,,,,,,,,,,,,,,,,,,,,,,,,,,,,,,,,,,,,,,,,,,,,,,,,,,,,,,,,,,,,,,,,2GMEL,Greater Melbourne,16
2015,957725,100,,,,,,,,,,,,,,,,,,,,,,,,,,,,,,,,,,,,,,,,,,,,,,,,,,,,,,,,,,,,,,,,,,,,,,,,,,,,,,,,,,,,,,,,,,,,,,,,,,,,,,2GMEL,Greater Melbourne,17
2016,955805,105,203596.0,25018.0,1356032.0,7608.0,29712.0,14486.0,63214.0,1711982.0,112337.0,88695.0,183729.0,18750.0,2115493.0,366005.0,78913.0,1129553.0,1574474.0,3.0,463934.0,99230.0,400693.0,106814.0,67961.0,23028.0,1161643.0,3.0,1572151.0,313248.0,1418743.0,48.4,36.6,4.7,7.4,2.8,85.6,11.8,1613.0,1997.0,65.2,20.3,6.5,0.7,7.3,11.3,17.6,1.8,65928.0,1077160.0,335665.0,1067637.0,264404.0,231297.0,6400.0,30.4,36.0,30.0,91.9,8.1,89.0,11.0,46.1,15.4,11.3,16.2,11.5,14.0,16.7,10.2,12.6,16.3,15.1,17.4,13.6,16.0,12.8,17.3,14.9,12.2,11.1,13.1,9.1,12.8,8.5,13.7,10.8,15.1,14.6,14.9,16.0,17.4,15.3,14.8,13.9,11.3,10.8,11.1,12.2,13.1,11.0,10.7,9.6,2GMEL,Greater Melbourne,18
2011,294563,55,4314.0,3884.0,420076.0,2711.0,5169.0,4947.0,26803.0,473867.0,8318.0,38069.0,69744.0,10189.0,600187.0,143591.0,15659.0,354778.0,514024.0,2.0,120576.0,24549.0,151679.0,40526.0,17189.0,4434.0,358954.0,3.0,487020.0,92572.0,385333.0,50.0,31.0,6.9,8.8,3.3,,,856.0,1453.0,64.2,19.2,7.8,1.0,7.7,12.4,23.4,1.9,,,,456627.0,20253.0,31378.0,5535.0,38.5,33.4,24.5,92.3,7.7,92.3,7.7,31.1,,,,,,,,,,,,,,,,,,,,,,,,,,,,,,,,,,,,,,,,,2RVIC,Rest of Vic.,19
2012,285128,60,,,,,,,,,,,,,,,,,,,,,,,,,,,,,,,,,,,,,,,,,,,,,,,,,,,,,,,,,,,,,,,,,,,,,,,,,,,,,,,,,,,,,,,,,,,,,,,,,,,,,,2RVIC,Rest of Vic.,20
2013,283253,65,,,,,,,,,,,,,,,,,,,,,,,,,,,,,,,,,,,,,,,,,,,,,,,,,,,,,,,,,,,,,,,,,,,,,,,,,,,,,,,,,,,,,,,,,,,,,,,,,,,,,,2RVIC,Rest of Vic.,21
2014,285621,70,,,,,,,,,,,,,,,,,,,,,,,,,,,,,,,,,,,,,,,,,,,,,,,,,,,,,,,,,,,,,,,,,,,,,,,,,,,,,,,,,,,,,,,,,,,,,,,,,,,,,,2RVIC,Rest of Vic.,22
2015,294313,75,,,,,,,,,,,,,,,,,,,,,,,,,,,,,,,,,,,,,,,,,,,,,,,,,,,,,,,,,,,,,,,,,,,,,,,,,,,,,,,,,,,,,,,,,,,,,,,,,,,,,,2RVIC,Rest of Vic.,23
2016,292894,80,5105.0,3704.0,444984.0,2259.0,4230.0,4637.0,24354.0,494252.0,8167.0,38164.0,70247.0,7753.0,618583.0,155827.0,16673.0,365732.0,538228.0,2.0,120500.0,26309.0,159025.0,39971.0,19859.0,4770.0,370436.0,3.0,488609.0,109017.0,411486.0,48.6,31.8,6.6,9.4,3.6,78.0,19.0,1029.0,1475.0,63.0,18.4,7.9,0.9,9.8,12.5,24.3,1.9,10793.0,420785.0,74918.0,479310.0,36513.0,14747.0,4696.0,37.8,33.2,25.1,94.2,5.8,91.4,8.6,30.4,18.9,6.9,16.1,6.3,16.5,21.2,6.4,7.6,18.3,21.9,19.8,18.1,17.4,13.9,24.1,17.3,5.1,7.9,7.7,6.9,6.7,5.2,10.9,7.0,26.5,22.1,21.4,19.5,19.1,16.8,16.7,15.8,8.3,8.5,7.7,7.3,7.5,6.6,6.2,5.5,2RVIC,Rest of Vic.,24
2011,462914,95,39872.0,51888.0,649142.0,9724.0,10426.0,7282.0,31320.0,813629.0,40817.0,40790.0,102175.0,13205.0,1010616.0,159969.0,38362.0,534159.0,732495.0,3.0,205865.0,40692.0,202739.0,60168.0,28095.0,10939.0,548496.0,3.0,717436.0,158395.0,625426.0,47.3,36.3,4.7,8.5,3.2,,,1388.0,2073.0,63.8,20.7,7.3,1.1,7.1,10.2,18.8,1.9,,,,578847.0,62557.0,85756.0,4983.0,27.3,36.8,33.0,90.0,10.0,88.3,11.7,34.2,,,,,,,,,,,,,,,,,,,,,,,,,,,,,,,,,,,,,,,,,3GBRI,Greater Brisbane,25
2012,426541,100,,,,,,,,,,,,,,,,,,,,,,,,,,,,,,,,,,,,,,,,,,,,,,,,,,,,,,,,,,,,,,,,,,,,,,,,,,,,,,,,,,,,,,,,,,,,,,,,,,,,,,3GBRI,Greater Brisbane,26
2013,434259,100,,,,,,,,,,,,,,,,,,,,,,,,,,,,,,,,,,,,,,,,,,,,,,,,,,,,,,,,,,,,,,,,,,,,,,,,,,,,,,,,,,,,,,,,,,,,,,,,,,,,,,3GBRI,Greater Brisbane,27
2014,426405,100,,,,,,,,,,,,,,,,,,,,,,,,,,,,,,,,,,,,,,,,,,,,,,,,,,,,,,,,,,,,,,,,,,,,,,,,,,,,,,,,,,,,,,,,,,,,,,,,,,,,,,3GBRI,Greater Brisbane,28
2015,430331,104,,,,,,,,,,,,,,,,,,,,,,,,,,,,,,,,,,,,,,,,,,,,,,,,,,,,,,,,,,,,,,,,,,,,,,,,,,,,,,,,,,,,,,,,,,,,,,,,,,,,,,3GBRI,Greater Brisbane,29
2016,419898,105,39239.0,49938.0,711211.0,10776.0,11918.0,8137.0,30962.0,873942.0,39558.0,49157.0,103120.0,8001.0,1073778.0,173424.0,41605.0,574438.0,789464.0,3.0,222264.0,44428.0,217362.0,64309.0,32009.0,11119.0,591505.0,3.0,756862.0,186432.0,689402.0,46.6,37.0,4.4,8.6,3.4,86.4,11.2,1581.0,1987.0,63.4,21.0,7.2,0.9,7.5,10.8,18.6,1.9,24564.0,586474.0,131576.0,602947.0,79228.0,99679.0,4659.0,26.4,35.7,34.5,93.6,6.4,87.1,12.9,41.5,15.4,11.1,16.7,11.4,14.0,16.8,10.1,12.3,15.8,14.5,18.3,13.3,15.5,12.7,19.7,15.7,11.4,10.6,13.8,9.1,12.3,8.4,15.5,10.7,14.0,14.3,14.1,15.8,17.6,18.6,15.2,16.0,10.1,10.5,10.3,11.9,13.1,13.6,10.8,10.7,3GBRI,Greater Brisbane,30
2011,432019,58,3079.0,15087.0,722869.0,9343.0,11089.0,11197.0,43786.0,830821.0,13722.0,58474.0,105909.0,15904.0,1024830.0,193539.0,34607.0,586664.0,814810.0,3.0,205378.0,39267.0,250365.0,68368.0,27916.0,8387.0,599677.0,3.0,769704.0,184590.0,614013.0,48.5,33.2,5.4,9.6,3.4,,,1184.0,1894.0,63.0,20.2,6.9,1.0,9.0,10.2,18.6,1.9,,,,636452.0,66872.0,95966.0,14593.0,30.5,32.4,33.4,90.6,9.4,87.9,12.1,51.5,,,,,,,,,,,,,,,,,,,,,,,,,,,,,,,,,,,,,,,,,3RQLD,Rest of Qld,31
2012,394489,70,,,,,,,,,,,,,,,,,,,,,,,,,,,,,,,,,,,,,,,,,,,,,,,,,,,,,,,,,,,,,,,,,,,,,,,,,,,,,,,,,,,,,,,,,,,,,,,,,,,,,,3RQLD,Rest of Qld,32
2013,403977,70,,,,,,,,,,,,,,,,,,,,,,,,,,,,,,,,,,,,,,,,,,,,,,,,,,,,,,,,,,,,,,,,,,,,,,,,,,,,,,,,,,,,,,,,,,,,,,,,,,,,,,3RQLD,Rest of Qld,33
2014,398240,80,,,,,,,,,,,,,,,,,,,,,,,,,,,,,,,,,,,,,,,,,,,,,,,,,,,,,,,,,,,,,,,,,,,,,,,,,,,,,,,,,,,,,,,,,,,,,,,,,,,,,,3RQLD,Rest of Qld,34
2015,404617,85,,,,,,,,,,,,,,,,,,,,,,,,,,,,,,,,,,,,,,,,,,,,,,,,,,,,,,,,,,,,,,,,,,,,,,,,,,,,,,,,,,,,,,,,,,,,,,,,,,,,,,3RQLD,Rest of Qld,35
2016,393247,85,4872.0,13715.0,768647.0,8834.0,9720.0,11001.0,39095.0,866980.0,15253.0,63168.0,103233.0,10891.0,1059525.0,215655.0,36293.0,615423.0,867368.0,3.0,208669.0,43132.0,264087.0,71927.0,33059.0,8773.0,629644.0,3.0,789640.0,208304.0,677623.0,47.2,33.8,5.3,10.0,3.7,81.3,15.8,1332.0,1795.0,62.9,19.6,6.8,0.8,9.9,10.7,19.1,1.9,24125.0,655268.0,135598.0,666707.0,95758.0,87102.0,12153.0,30.3,31.9,33.9,93.5,6.5,87.3,12.7,49.4,17.8,8.0,16.6,7.8,14.7,21.0,7.4,8.8,19.4,17.0,20.9,14.3,14.7,12.6,30.4,17.9,7.6,8.3,9.1,7.3,7.9,6.7,12.1,7.5,17.7,17.3,16.8,17.1,19.9,16.1,17.0,19.2,8.3,8.6,8.1,8.3,8.8,6.4,7.5,6.9,3RQLD,Rest of Qld,36
2011,260193,80,9383.0,28939.0,399487.0,3262.0,6495.0,4938.0,14291.0,470989.0,13744.0,18496.0,65978.0,7616.0,576823.0,131147.0,18658.0,325617.0,475428.0,2.0,114846.0,25993.0,127894.0,36963.0,18734.0,5980.0,330409.0,3.0,440225.0,84798.0,394380.0,47.5,34.4,6.2,9.1,2.9,,,1052.0,1708.0,65.8,18.9,8.0,1.0,6.3,11.8,17.7,1.8,,,,366912.0,57696.0,49416.0,1228.0,31.5,36.4,28.1,90.6,9.4,90.1,9.9,33.6,,,,,,,,,,,,,,,,,,,,,,,,,,,,,,,,,,,,,,,,,4GADE,Greater Adelaide,37
2012,244208,89,,,,,,,,,,,,,,,,,,,,,,,,,,,,,,,,,,,,,,,,,,,,,,,,,,,,,,,,,,,,,,,,,,,,,,,,,,,,,,,,,,,,,,,,,,,,,,,,,,,,,,4GADE,Greater Adelaide,38
2013,242978,98,,,,,,,,,,,,,,,,,,,,,,,,,,,,,,,,,,,,,,,,,,,,,,,,,,,,,,,,,,,,,,,,,,,,,,,,,,,,,,,,,,,,,,,,,,,,,,,,,,,,,,4GADE,Greater Adelaide,39
2014,240842,100,,,,,,,,,,,,,,,,,,,,,,,,,,,,,,,,,,,,,,,,,,,,,,,,,,,,,,,,,,,,,,,,,,,,,,,,,,,,,,,,,,,,,,,,,,,,,,,,,,,,,,4GADE,Greater Adelaide,40
2015,243191,100,,,,,,,,,,,,,,,,,,,,,,,,,,,,,,,,,,,,,,,,,,,,,,,,,,,,,,,,,,,,,,,,,,,,,,,,,,,,,,,,,,,,,,,,,,,,,,,,,,,,,,4GADE,Greater Adelaide,41
2016,236569,100,11711.0,28580.0,414137.0,2771.0,6677.0,4773.0,12930.0,484831.0,14714.0,21075.0,61839.0,4601.0,587060.0,134833.0,19439.0,338181.0,492448.0,3.0,121572.0,26873.0,130851.0,37729.0,20697.0,6168.0,343888.0,3.0,449278.0,95531.0,417464.0,47.0,35.0,5.8,9.2,3.1,82.3,15.5,1233.0,1686.0,65.7,19.2,7.9,0.8,6.4,12.2,19.5,1.8,13814.0,368151.0,83193.0,368244.0,82994.0,38309.0,1379.0,30.7,36.5,28.9,93.0,7.0,89.1,10.9,36.1,12.7,9.7,13.1,9.8,11.9,13.5,9.1,10.3,13.3,12.4,14.1,11.9,12.8,10.8,15.0,12.6,10.0,9.4,10.9,9.0,10.5,7.8,12.0,9.1,11.7,12.3,12.1,13.1,14.1,13.7,12.4,11.5,8.8,9.3,9.2,10.3,11.1,9.9,9.4,8.3,4GADE,Greater Adelaide,42
2011,59620,60,99.0,1222.0,110520.0,791.0,1000.0,1959.0,9266.0,126690.0,1635.0,12327.0,18395.0,2573.0,161620.0,41517.0,3359.0,98737.0,143614.0,2.0,31645.0,5959.0,46774.0,10341.0,4050.0,1084.0,99845.0,3.0,135593.0,28367.0,97821.0,51.6,29.3,6.9,9.0,3.2,,,711.0,1310.0,64.7,18.7,8.0,1.1,7.6,11.8,26.8,1.9,,,,127559.0,8767.0,5558.0,1588.0,37.2,31.5,27.2,93.1,6.9,92.8,7.2,47.5,,,,,,,,,,,,,,,,,,,,,,,,,,,,,,,,,,,,,,,,,4RSAU,Rest of SA,43
2012,53612,80,,,,,,,,,,,,,,,,,,,,,,,,,,,,,,,,,,,,,,,,,,,,,,,,,,,,,,,,,,,,,,,,,,,,,,,,,,,,,,,,,,,,,,,,,,,,,,,,,,,,,,4RSAU,Rest of SA,44
2013,53912,100,,,,,,,,,,,,,,,,,,,,,,,,,,,,,,,,,,,,,,,,,,,,,,,,,,,,,,,,,,,,,,,,,,,,,,,,,,,,,,,,,,,,,,,,,,,,,,,,,,,,,,4RSAU,Rest of SA,45
2014,53663,100,,,,,,,,,,,,,,,,,,,,,,,,,,,,,,,,,,,,,,,,,,,,,,,,,,,,,,,,,,,,,,,,,,,,,,,,,,,,,,,,,,,,,,,,,,,,,,,,,,,,,,4RSAU,Rest of SA,46
2015,53625,100,,,,,,,,,,,,,,,,,,,,,,,,,,,,,,,,,,,,,,,,,,,,,,,,,,,,,,,,,,,,,,,,,,,,,,,,,,,,,,,,,,,,,,,,,,,,,,,,,,,,,,4RSAU,Rest of SA,47
2016,50115,100,89.0,976.0,111776.0,662.0,766.0,1744.0,7710.0,125137.0,1441.0,11583.0,18128.0,2019.0,158308.0,44290.0,3418.0,98639.0,146344.0,2.0,29786.0,6514.0,47730.0,10104.0,4600.0,1109.0,99845.0,3.0,132959.0,30495.0,103078.0,50.3,30.0,6.8,9.4,3.5,75.0,22.3,837.0,1290.0,64.3,17.4,7.9,0.9,9.5,12.2,27.8,1.9,2768.0,117734.0,18213.0,128558.0,11512.0,3696.0,1640.0,37.2,31.4,27.1,94.7,5.3,92.1,7.9,41.6,17.7,4.7,16.6,4.4,16.3,19.0,4.5,4.9,15.3,20.3,18.4,17.8,15.7,13.2,23.8,18.2,2.7,5.5,4.8,4.7,4.3,3.8,7.6,5.8,21.4,20.5,19.3,19.1,17.8,18.1,16.6,17.2,4.9,5.5,5.3,5.1,4.7,7.4,4.3,4.2,4RSAU,Rest of SA,48
2011,355707,89,24236.0,30600.0,573526.0,4943.0,9312.0,11350.0,19907.0,681645.0,41112.0,29476.0,94106.0,11293.0,857632.0,148017.0,26663.0,452423.0,627098.0,3.0,174057.0,36048.0,174960.0,44767.0,22580.0,9039.0,461448.0,3.0,612557.0,127257.0,509128.0,48.7,35.4,4.7,8.3,2.9,,,1374.0,2148.0,63.9,20.1,7.1,1.0,7.9,9.4,15.6,1.9,,,,492962.0,74516.0,56756.0,2583.0,29.3,39.8,27.6,89.0,11.0,90.8,9.2,27.7,,,,,,,,,,,,,,,,,,,,,,,,,,,,,,,,,,,,,,,,,5GPER,Greater Perth,49
2012,351746,100,,,,,,,,,,,,,,,,,,,,,,,,,,,,,,,,,,,,,,,,,,,,,,,,,,,,,,,,,,,,,,,,,,,,,,,,,,,,,,,,,,,,,,,,,,,,,,,,,,,,,,5GPER,Greater Perth,50
2013,371773,100,,,,,,,,,,,,,,,,,,,,,,,,,,,,,,,,,,,,,,,,,,,,,,,,,,,,,,,,,,,,,,,,,,,,,,,,,,,,,,,,,,,,,,,,,,,,,,,,,,,,,,5GPER,Greater Perth,51
2014,380995,115,,,,,,,,,,,,,,,,,,,,,,,,,,,,,,,,,,,,,,,,,,,,,,,,,,,,,,,,,,,,,,,,,,,,,,,,,,,,,,,,,,,,,,,,,,,,,,,,,,,,,,5GPER,Greater Perth,52
2015,388788,120,,,,,,,,,,,,,,,,,,,,,,,,,,,,,,,,,,,,,,,,,,,,,,,,,,,,,,,,,,,,,,,,,,,,,,,,,,,,,,,,,,,,,,,,,,,,,,,,,,,,,,5GPER,Greater Perth,53
2016,376446,125,25864.0,34063.0,632322.0,4344.0,9405.0,12947.0,18947.0,744313.0,40319.0,35527.0,91191.0,8846.0,920196.0,159002.0,27644.0,503642.0,690280.0,3.0,199092.0,39422.0,193034.0,48957.0,25603.0,9214.0,515328.0,3.0,676283.0,153512.0,564355.0,49.0,35.4,4.4,8.2,3.0,86.6,11.2,1600.0,2132.0,63.2,20.9,7.1,0.8,8.0,9.9,17.9,1.8,15747.0,545345.0,89261.0,530833.0,110152.0,45418.0,2245.0,28.1,41.9,26.7,90.7,9.3,90.1,9.9,27.7,15.2,11.5,15.1,11.5,13.8,16.6,10.5,12.6,15.9,14.8,17.5,13.8,15.5,11.9,19.3,14.2,12.1,11.5,13.4,10.1,12.5,8.3,14.7,9.9,14.0,14.4,14.4,15.5,17.4,15.9,14.8,13.5,11.0,11.4,11.3,12.0,13.2,12.1,10.9,8.9,5GPER,Greater Perth,54
2011,76131,65,150.0,9935.0,151725.0,1552.0,2401.0,5200.0,15691.0,189668.0,3472.0,14330.0,26099.0,3756.0,237325.0,40749.0,5028.0,121285.0,167064.0,3.0,44982.0,7786.0,51918.0,12988.0,4741.0,1435.0,123859.0,3.0,156226.0,44018.0,114235.0,49.0,34.8,4.4,8.5,3.4,,,893.0,1807.0,60.3,20.6,6.6,1.3,11.2,9.1,21.6,1.9,,,,145808.0,9814.0,6237.0,4795.0,30.4,30.4,35.3,92.7,7.3,92.3,7.7,82.3,,,,,,,,,,,,,,,,,,,,,,,,,,,,,,,,,,,,,,,,,5RWAU,Rest of WA,55
2012,73254,100,,,,,,,,,,,,,,,,,,,,,,,,,,,,,,,,,,,,,,,,,,,,,,,,,,,,,,,,,,,,,,,,,,,,,,,,,,,,,,,,,,,,,,,,,,,,,,,,,,,,,,5RWAU,Rest of WA,56
2013,77451,100,,,,,,,,,,,,,,,,,,,,,,,,,,,,,,,,,,,,,,,,,,,,,,,,,,,,,,,,,,,,,,,,,,,,,,,,,,,,,,,,,,,,,,,,,,,,,,,,,,,,,,5RWAU,Rest of WA,57
2014,78774,109,,,,,,,,,,,,,,,,,,,,,,,,,,,,,,,,,,,,,,,,,,,,,,,,,,,,,,,,,,,,,,,,,,,,,,,,,,,,,,,,,,,,,,,,,,,,,,,,,,,,,,5RWAU,Rest of WA,58
2015,78623,120,,,,,,,,,,,,,,,,,,,,,,,,,,,,,,,,,,,,,,,,,,,,,,,,,,,,,,,,,,,,,,,,,,,,,,,,,,,,,,,,,,,,,,,,,,,,,,,,,,,,,,5RWAU,Rest of WA,59
2016,74993,125,136.0,10467.0,156126.0,1396.0,2301.0,4593.0,12660.0,189991.0,2415.0,13770.0,25277.0,3978.0,235431.0,45207.0,5050.0,126238.0,176495.0,3.0,45463.0,8147.0,54809.0,13277.0,5509.0,1653.0,128867.0,3.0,159662.0,48192.0,124518.0,48.5,34.4,4.5,8.9,3.6,79.3,17.7,1071.0,1795.0,60.0,20.0,6.7,1.0,12.3,9.5,23.3,1.9,4842.0,137686.0,22710.0,154990.0,12413.0,3665.0,4088.0,30.3,31.0,34.7,94.0,6.0,91.5,8.5,65.1,20.0,5.3,20.4,5.4,16.3,23.4,4.9,5.8,19.0,19.4,23.3,15.8,14.6,12.7,33.4,19.6,4.4,5.3,6.0,4.8,4.9,4.7,8.0,5.3,20.0,18.3,19.1,19.0,22.2,22.6,19.3,19.7,4.5,5.4,5.2,5.3,5.9,5.6,5.2,4.7,5RWAU,Rest of WA,60
2011,47397,80,51.0,4311.0,65881.0,484.0,879.0,821.0,5263.0,78473.0,1471.0,3409.0,12212.0,1305.0,96870.0,23209.0,3152.0,55982.0,82352.0,2.0,19123.0,3909.0,22484.0,7432.0,2998.0,820.0,56768.0,3.0,70466.0,18358.0,65442.0,45.2,35.3,6.3,9.9,3.2,,,1028.0,1570.0,64.8,19.4,8.1,1.1,6.6,11.7,19.0,1.8,,,,67939.0,5309.0,8680.0,361.0,33.6,35.8,27.5,92.0,8.0,89.5,10.5,35.0,,,,,,,,,,,,,,,,,,,,,,,,,,,,,,,,,,,,,,,,,6GHOB,Greater Hobart,61
2012,45167,85,,,,,,,,,,,,,,,,,,,,,,,,,,,,,,,,,,,,,,,,,,,,,,,,,,,,,,,,,,,,,,,,,,,,,,,,,,,,,,,,,,,,,,,,,,,,,,,,,,,,,,6GHOB,Greater Hobart,62
2013,47252,92,,,,,,,,,,,,,,,,,,,,,,,,,,,,,,,,,,,,,,,,,,,,,,,,,,,,,,,,,,,,,,,,,,,,,,,,,,,,,,,,,,,,,,,,,,,,,,,,,,,,,,6GHOB,Greater Hobart,63
2014,45785,90,,,,,,,,,,,,,,,,,,,,,,,,,,,,,,,,,,,,,,,,,,,,,,,,,,,,,,,,,,,,,,,,,,,,,,,,,,,,,,,,,,,,,,,,,,,,,,,,,,,,,,6GHOB,Greater Hobart,64
2015,46535,100,,,,,,,,,,,,,,,,,,,,,,,,,,,,,,,,,,,,,,,,,,,,,,,,,,,,,,,,,,,,,,,,,,,,,,,,,,,,,,,,,,,,,,,,,,,,,,,,,,,,,,6GHOB,Greater Hobart,65
2016,46415,100,57.0,4258.0,68038.0,668.0,1134.0,836.0,5475.0,81100.0,1537.0,3934.0,11412.0,900.0,98883.0,24851.0,3371.0,57405.0,85630.0,2.0,19215.0,3946.0,23355.0,7608.0,3268.0,883.0,58276.0,3.0,70238.0,20560.0,69548.0,44.1,36.3,6.0,10.2,3.3,80.6,17.1,1154.0,1531.0,64.6,18.9,8.1,1.0,7.4,11.8,21.0,1.8,2205.0,62715.0,15546.0,72613.0,5099.0,7324.0,351.0,32.9,35.2,28.6,94.7,5.3,89.1,10.9,38.6,12.0,8.6,13.4,9.1,11.5,12.5,8.4,8.8,12.3,10.9,13.5,11.7,11.9,10.8,14.9,12.7,8.3,7.4,9.9,8.3,9.4,7.8,10.8,8.8,9.7,10.6,10.8,12.5,13.5,15.5,12.1,11.9,6.3,7.3,7.3,9.0,10.3,10.3,8.8,8.0,6GHOB,Greater Hobart,66
2011,46817,60,47.0,1181.0,85857.0,656.0,489.0,1134.0,5522.0,96217.0,1091.0,6295.0,14601.0,1844.0,120048.0,30825.0,3049.0,76595.0,110476.0,2.0,24923.0,5258.0,33950.0,8863.0,3538.0,898.0,77432.0,3.0,101574.0,23338.0,79279.0,49.4,30.8,6.7,9.8,3.3,,,786.0,1338.0,65.8,19.2,7.2,0.9,6.8,11.6,19.9,1.9,,,,98573.0,5024.0,5829.0,996.0,38.1,33.0,25.6,92.8,7.2,91.3,8.7,28.9,,,,,,,,,,,,,,,,,,,,,,,,,,,,,,,,,,,,,,,,,6RTAS,Rest of Tas.,67
2012,43945,70,,,,,,,,,,,,,,,,,,,,,,,,,,,,,,,,,,,,,,,,,,,,,,,,,,,,,,,,,,,,,,,,,,,,,,,,,,,,,,,,,,,,,,,,,,,,,,,,,,,,,,6RTAS,Rest of Tas.,68
2013,44594,75,,,,,,,,,,,,,,,,,,,,,,,,,,,,,,,,,,,,,,,,,,,,,,,,,,,,,,,,,,,,,,,,,,,,,,,,,,,,,,,,,,,,,,,,,,,,,,,,,,,,,,6RTAS,Rest of Tas.,69
2014,41903,90,,,,,,,,,,,,,,,,,,,,,,,,,,,,,,,,,,,,,,,,,,,,,,,,,,,,,,,,,,,,,,,,,,,,,,,,,,,,,,,,,,,,,,,,,,,,,,,,,,,,,,6RTAS,Rest of Tas.,70
2015,41764,100,,,,,,,,,,,,,,,,,,,,,,,,,,,,,,,,,,,,,,,,,,,,,,,,,,,,,,,,,,,,,,,,,,,,,,,,,,,,,,,,,,,,,,,,,,,,,,,,,,,,,,6RTAS,Rest of Tas.,71
2016,40789,100,43.0,954.0,85744.0,621.0,523.0,1126.0,4944.0,95052.0,1001.0,6203.0,13797.0,1352.0,117405.0,33666.0,3120.0,75163.0,111949.0,2.0,22884.0,5239.0,34494.0,8523.0,4031.0,903.0,76066.0,3.0,97167.0,24960.0,82841.0,47.6,31.6,6.7,10.4,3.6,76.0,21.3,907.0,1314.0,65.7,17.6,7.1,0.8,8.8,11.8,21.5,1.8,2414.0,85384.0,17770.0,100385.0,6284.0,3931.0,840.0,37.7,32.2,26.4,95.0,5.0,90.4,9.6,27.3,17.1,7.7,16.0,7.1,15.1,19.0,7.1,8.4,14.9,17.5,19.5,16.4,15.1,13.0,24.4,17.3,5.6,7.7,9.1,7.5,7.3,6.1,12.3,8.6,18.2,17.5,17.3,17.5,18.5,15.2,16.0,15.2,7.2,7.8,7.5,7.7,8.7,4.8,7.2,6.9,6RTAS,Rest of Tas.,72
2011,28598,78,32.0,2058.0,44371.0,1009.0,1664.0,972.0,3087.0,53662.0,961.0,1682.0,5813.0,927.0,63045.0,8259.0,2563.0,27912.0,38731.0,3.0,11185.0,1920.0,10661.0,3283.0,1294.0,470.0,28808.0,3.0,32864.0,12520.0,31976.0,42.0,42.9,2.7,9.0,3.3,,,1530.0,2288.0,59.5,19.4,6.1,1.1,13.9,7.2,16.9,1.9,,,,24868.0,4989.0,7652.0,1119.0,17.9,36.7,41.9,90.4,9.6,89.5,10.5,99.6,,,,,,,,,,,,,,,,,,,,,,,,,,,,,,,,,,,,,,,,,7GDAR,Greater Darwin,73
2012,26887,100,,,,,,,,,,,,,,,,,,,,,,,,,,,,,,,,,,,,,,,,,,,,,,,,,,,,,,,,,,,,,,,,,,,,,,,,,,,,,,,,,,,,,,,,,,,,,,,,,,,,,,7GDAR,Greater Darwin,74
2013,28533,100,,,,,,,,,,,,,,,,,,,,,,,,,,,,,,,,,,,,,,,,,,,,,,,,,,,,,,,,,,,,,,,,,,,,,,,,,,,,,,,,,,,,,,,,,,,,,,,,,,,,,,7GDAR,Greater Darwin,75
2014,30284,100,,,,,,,,,,,,,,,,,,,,,,,,,,,,,,,,,,,,,,,,,,,,,,,,,,,,,,,,,,,,,,,,,,,,,,,,,,,,,,,,,,,,,,,,,,,,,,,,,,,,,,7GDAR,Greater Darwin,76
2015,32912,100,,,,,,,,,,,,,,,,,,,,,,,,,,,,,,,,,,,,,,,,,,,,,,,,,,,,,,,,,,,,,,,,,,,,,,,,,,,,,,,,,,,,,,,,,,,,,,,,,,,,,,7GDAR,Greater Darwin,77
2016,33266,100,47.0,4126.0,50578.0,1043.0,1503.0,884.0,2831.0,61403.0,1949.0,1742.0,5439.0,824.0,71357.0,8957.0,2574.0,31515.0,43043.0,3.0,13132.0,2013.0,12298.0,3165.0,1433.0,515.0,32561.0,3.0,37843.0,15087.0,35340.0,43.9,42.1,2.6,8.2,3.2,84.8,11.7,1835.0,2383.0,59.5,20.4,5.6,0.7,13.8,7.7,17.5,1.8,2553.0,27695.0,9525.0,27239.0,4645.0,10059.0,852.0,16.7,35.1,44.4,93.2,6.8,90.0,10.0,119.6,13.2,10.2,12.8,10.2,12.1,14.2,9.0,11.0,12.8,12.4,15.9,10.9,13.5,9.8,16.6,13.9,10.1,9.1,12.3,8.4,11.4,6.3,12.0,9.9,11.2,12.0,11.6,13.3,15.7,14.0,12.7,11.9,7.7,9.1,8.4,10.4,12.4,8.9,9.9,8.7,7GDAR,Greater Darwin,78
2011,9389,100,13.0,1136.0,18582.0,400.0,1064.0,562.0,7628.0,29672.0,584.0,1061.0,2539.0,916.0,34772.0,5065.0,958.0,16135.0,22157.0,3.0,8209.0,926.0,5651.0,3153.0,885.0,387.0,19220.0,3.0,21701.0,7011.0,25258.0,44.6,41.2,3.9,6.8,3.4,,,617.0,1909.0,51.3,20.3,12.7,3.7,12.0,11.6,16.3,2.1,,,,16321.0,1897.0,2434.0,1350.0,11.8,20.0,61.7,95.5,4.5,93.8,6.2,1401.6,,,,,,,,,,,,,,,,,,,,,,,,,,,,,,,,,,,,,,,,,7RNTE,Rest of NT,79
2012,8833,120,,,,,,,,,,,,,,,,,,,,,,,,,,,,,,,,,,,,,,,,,,,,,,,,,,,,,,,,,,,,,,,,,,,,,,,,,,,,,,,,,,,,,,,,,,,,,,,,,,,,,,7RNTE,Rest of NT,80
2013,9448,130,,,,,,,,,,,,,,,,,,,,,,,,,,,,,,,,,,,,,,,,,,,,,,,,,,,,,,,,,,,,,,,,,,,,,,,,,,,,,,,,,,,,,,,,,,,,,,,,,,,,,,7RNTE,Rest of NT,81
2014,9571,120,,,,,,,,,,,,,,,,,,,,,,,,,,,,,,,,,,,,,,,,,,,,,,,,,,,,,,,,,,,,,,,,,,,,,,,,,,,,,,,,,,,,,,,,,,,,,,,,,,,,,,7RNTE,Rest of NT,82
2015,10160,120,,,,,,,,,,,,,,,,,,,,,,,,,,,,,,,,,,,,,,,,,,,,,,,,,,,,,,,,,,,,,,,,,,,,,,,,,,,,,,,,,,,,,,,,,,,,,,,,,,,,,,7RNTE,Rest of NT,83
2016,9869,120,12.0,689.0,18070.0,335.0,1036.0,534.0,5705.0,26572.0,477.0,886.0,2167.0,650.0,30752.0,5269.0,864.0,15881.0,22013.0,3.0,7713.0,952.0,5841.0,2981.0,987.0,502.0,18964.0,3.0,20742.0,7454.0,25002.0,43.7,42.5,4.0,6.2,3.7,67.6,26.9,745.0,1945.0,49.0,19.2,11.7,3.5,16.6,11.0,16.8,2.1,4131.0,10879.0,5252.0,15862.0,3205.0,1307.0,1329.0,12.5,18.8,62.0,97.0,3.0,92.8,7.2,1166.4,15.8,2.8,16.8,2.8,13.0,18.6,2.7,3.0,18.8,14.1,17.6,12.1,11.6,8.8,25.7,20.2,3.1,2.7,3.4,2.4,3.1,2.8,3.9,2.4,13.3,13.7,14.4,14.7,18.2,12.5,15.3,16.6,3.0,3.0,2.9,3.3,3.5,,2.7,1.1,7RNTE,Rest of NT,84
2011,107776,140,127.0,11024.0,135571.0,1799.0,4669.0,1321.0,8136.0,163954.0,3362.0,5314.0,21032.0,1958.0,195620.0,30249.0,7198.0,91979.0,129425.0,3.0,36656.0,6536.0,35150.0,9267.0,4336.0,1451.0,93397.0,3.0,124924.0,27590.0,105844.0,47.3,38.2,3.9,7.9,2.6,,,1535.0,2231.0,66.0,19.9,7.3,1.1,5.7,10.6,21.2,1.8,,,,94267.0,18813.0,16070.0,230.0,28.4,38.9,30.6,92.2,7.8,92.0,8.0,48.7,,,,,,,,,,,,,,,,,,,,,,,,,,,,,,,,,,,,,,,,,8ACTE,Australian Capital Territory,85
2012,104255,150,,,,,,,,,,,,,,,,,,,,,,,,,,,,,,,,,,,,,,,,,,,,,,,,,,,,,,,,,,,,,,,,,,,,,,,,,,,,,,,,,,,,,,,,,,,,,,,,,,,,,,8ACTE,Australian Capital Territory,86
2013,106727,155,,,,,,,,,,,,,,,,,,,,,,,,,,,,,,,,,,,,,,,,,,,,,,,,,,,,,,,,,,,,,,,,,,,,,,,,,,,,,,,,,,,,,,,,,,,,,,,,,,,,,,8ACTE,Australian Capital Territory,87
2014,106396,175,,,,,,,,,,,,,,,,,,,,,,,,,,,,,,,,,,,,,,,,,,,,,,,,,,,,,,,,,,,,,,,,,,,,,,,,,,,,,,,,,,,,,,,,,,,,,,,,,,,,,,8ACTE,Australian Capital Territory,88
2015,106791,195,,,,,,,,,,,,,,,,,,,,,,,,,,,,,,,,,,,,,,,,,,,,,,,,,,,,,,,,,,,,,,,,,,,,,,,,,,,,,,,,,,,,,,,,,,,,,,,,,,,,,,8ACTE,Australian Capital Territory,89
2016,103375,200,199.0,12208.0,142981.0,1971.0,5358.0,1380.0,9288.0,174389.0,3852.0,6309.0,19668.0,1201.0,205419.0,35413.0,6938.0,100308.0,142664.0,3.0,41412.0,6598.0,38438.0,9342.0,4780.0,1461.0,102036.0,3.0,135700.0,32493.0,113735.0,47.9,37.8,3.9,7.8,2.5,89.9,8.0,1629.0,2178.0,64.4,20.9,7.2,0.8,6.7,11.4,23.3,1.8,3702.0,104770.0,26012.0,95520.0,25280.0,21405.0,194.0,27.0,38.4,31.8,94.5,5.5,91.9,8.1,40.4,11.8,10.7,14.2,11.4,11.2,12.3,10.2,11.2,12.0,11.1,13.4,11.2,12.6,10.0,13.9,11.4,11.0,10.1,12.5,9.4,12.3,7.9,12.7,9.4,10.8,11.0,11.1,12.9,13.4,12.2,11.8,10.0,9.6,10.0,10.1,12.3,12.6,11.1,10.6,7.5,8ACTE,Australian Capital Territory,90
2011,227,124,,62.0,673.0,41.0,24.0,34.0,120.0,1000.0,42.0,24.0,57.0,33.0,1156.0,,,,,,,,,,,,,,,,,,,,,,,,,,,,,,,,,,,,,398.0,67.0,209.0,8.0,24.1,8.4,58.5,99.1,0.9,94.9,5.1,,,,,,,,,,,,,,,,,,,,,,,,,,,,,,,,,,,,,,,,,,9OTER,Other Territories,91
2012,223,132,,,,,,,,,,,,,,,,,,,,,,,,,,,,,,,,,,,,,,,,,,,,,,,,,,,,,,,,,,,,,,,,,,,,,,,,,,,,,,,,,,,,,,,,,,,,,,,,,,,,,,9OTER,Other Territories,92
2013,193,150,,,,,,,,,,,,,,,,,,,,,,,,,,,,,,,,,,,,,,,,,,,,,,,,,,,,,,,,,,,,,,,,,,,,,,,,,,,,,,,,,,,,,,,,,,,,,,,,,,,,,,9OTER,Other Territories,93
2014,219,155,,,,,,,,,,,,,,,,,,,,,,,,,,,,,,,,,,,,,,,,,,,,,,,,,,,,,,,,,,,,,,,,,,,,,,,,,,,,,,,,,,,,,,,,,,,,,,,,,,,,,,9OTER,Other Territories,94
2015,209,200,,,,,,,,,,,,,,,,,,,,,,,,,,,,,,,,,,,,,,,,,,,,,,,,,,,,,,,,,,,,,,,,,,,,,,,,,,,,,,,,,,,,,,,,,,,,,,,,,,,,,,9OTER,Other Territories,95
2016,155,150,5.0,51.0,1387.0,52.0,16.0,27.0,159.0,1815.0,68.0,81.0,150.0,37.0,2151.0,,,,,,,,,,,,,,,,,,,,,,78.7,17.4,,,,,,,,,,,,,,1130.0,83.0,116.0,13.0,29.5,22.0,40.6,93.8,6.2,96.6,3.4,52.2,3.9,1.6,8.6,2.0,3.4,4.4,1.9,1.5,2.4,3.1,6.1,5.2,3.6,3.8,3.7,3.0,1.5,1.6,2.0,1.5,2.0,2.7,1.4,1.4,2.5,2.7,3.7,3.5,4.5,4.6,4.3,2.5,1.3,1.3,1.6,1.7,1.8,2.8,1.8,1.3,9OTER,Other Territories,96
