sa4_code16,agbeefallot_f,agbeefcalle1_f,agbeefcatlano_f,agbeefcowsano_f,agbewes1ano_f,agbewesmerge1ano_f,agbewesothge1ano_f,agbroadcrpallaha_f,agcatldispano_f,agcereal_ahabar_f,agcereal_ahamai_f,agcereal_ahaoat_f,agcereal_ahaoth_f,agcereal_aharic_f,agcereal_ahasor_f,agcereal_ahatri_f,agcereal_ahawht_f,agcereal_atobar_f,agcereal_atomai_f,agcereal_atooat_f,agcereal_atooth_f,agcereal_atoric_f,agcereal_atosor_f,agcereal_atotri_f,agcereal_atowht_f,agcerehay_aha_f,agcerehay_ato_f,agchickensanolay_f,agchickensanomea_f,agcottlintakg_f,agcottlintakgirr_f,agcottlintakgnon_f,agcottpltdaha_f,agcottpltdahairr_f,agcottpltdahanon_f,agcroptotaha_f,agdairallot_f,agdaircales1_f,agdaircowsano_f,agdairheifanogt2_f,agdairheifanole2_f,agdairy_ano_f,ageggprodado_f,ageweslmbmark_f,agewesmateanomer_f,agewesmateanooth_f,agfloers_aha_f,agfloers_ahaout_f,agfloersundaha_f,agfloerupano_f,agfrutalmnum_f,agfrutalmoakg_f,agfrutalmotba_f,agfrutalmotnb_f,agfrutapplakg_f,agfrutapptba_f,agfrutapptnb_f,agfrutapptree_f,agfrutapriakg_f,agfrutaprtba_f,agfrutaprtnb_f,agfrutaprtre_f,agfrutavocakg_f,agfrutavotba_f,agfrutavotnb_f,agfrutavotree_f,agfrutbanaaha_f,agfrutbanaahabea_f,agfrutbanaahanyb_f,agfrutbanaato_f,agfrutcherakg_f,agfrutchertba_f,agfrutchertnb_f,agfrutchertree_f,agfrutmacatba_f,agfrutmacatnb_f,agfrutmacnum_f,agfrutmandakg_f,agfrutmandtba_f,agfrutmandtnb_f,agfrutmandtre_f,agfrutmangakg_f,agfrutmangtba_f,agfrutmangtnb_f,agfrutmantree_f,agfrutmcdmakg_f,agfrutnaspearakg_f,agfrutnaspeartba_f,agfrutnaspeartnb_f,agfrutnasptree_f,agfrutnectakg_f,agfrutnectree_f,agfrutnecttba_f,agfrutnecttnb_f,agfrutnutotaha_f,agfrutolitree_f,agfrutolivakg_f,agfrutolivtba_f,agfrutolivtnb_f,agfrutoorcano_f,agfrutorcba_f,agfrutorcnyb_f,agfrutorctot_f,agfrutorngakg_f,agfrutorngtba_f,agfrutorngtnb_f,agfrutorngtree_f,agfrutothcittba_f,agfrutothcittnb_f,agfrutothcittr_f,agfrutothha_f,agfrutothnum_f,agfrutothnuttnb_f,agfrutothnutttb_f,agfrutothorctba_f,agfrutothorctnb_f,agfrutothpomtba_f,agfrutothpomtnb_f,agfrutothpomtr_f,agfrutothrahabea_f,agfrutothrahanyb_f,agfrutothstre_f,agfrutotsttba_f,agfrutotsttnb_f,agfrutpeactba_f,agfrutpeactnb_f,agfrutpeatree_f,agfrutpechakg_f,agfrutpineaha_f,agfrutpineahabea_f,agfrutpineahanyb_f,agfrutpineato_f,agfrutstrwahabea_f,agfrutstrwakg_f,aggrape_aha_f,aggrape_ahabea_f,aggrape_ahanyb_f,aggrape_ato_f,aggrapeothaha_f,aggrapeothahabea_f,aggrapeothahanyb_f,aggrapeothato_f,aggrapewinaha_f,aggrapewinahabea_f,aggrapewinahanyb_f,aggrapewinato_f,aglambmarked_f,aglambmarkmerano_f,aglambmarkothano_f,aglambslt1ano_f,aglandtotlaha_f,aglucrnhay_aha_f,aglucrnhay_ato_f,agnurflwtuaha_f,agnursbpcupano_f,agnursery_aha_f,agnursery_ahaout_f,agnurseryundaha_f,agnursfnvupano_f,agnurshvupano_f,agnursinplupano_f,agnurspropupano_f,agnurspsbupano_f,agnursptsupano_f,agorchardsaha_f,agothchickenano_f,agothcrhayaha_f,agothcrhayato_f,agothcrop_aha_f,agothcrop_ahacan_f,agothcrop_ahaoil_f,agothcrop_ahaopu_f,agothcrop_ahapnt_f,agothcrop_akgpnt_f,agothcrop_atocan_f,agothcrop_atooil_f,agothcrop_atoopu_f,agothlstokanohld_f,agothpltryano_f,agothsheepano_f,agpasceothsilaha_f,agpasceothsilato_f,agpascrhayaha_f,agpascrhayato_f,agpasthay_aha_f,agpasthay_ato_f,agpigbopigano_f,agpigbsow_ano_f,agpigs_ano_f,agsheeplmbano_f,agsugarcanaha_f,agsugarcrsaha_f,agsugarcrsato_f,agsugnfcrushaha_f,agturf_aha_f,agturfrollupano_f,agvegbeanaha_f,agvegbeankg_f,agvege_aha_f,agvegebrocaha_f,agvegebrocakg_f,agvegebrusaha_f,agvegebrusakg_f,agvegecabbaha_f,agvegecabbato_f,agvegecapsaha_f,agvegecapsahaout_f,agvegecapsakg_f,agvegecapsakgout_f,agvegecapsakgund_f,agvegecapsam2und_f,agvegecarraha_f,agvegecarrato_f,agvegecaulaha_f,agvegecaulato_f,agvegecornaha_f,agvegecornato_f,agvegeletahaout_f,agvegeletakgout_f,agvegeletakgund_f,agvegeletam2und_f,agvegelettaha_f,agvegelettakg_f,agvegemelnaha_f,agvegemelnato_f,agvegemushakg_f,agvegemusham2_f,agvegeonioaha_f,agvegeonioato_f,agvegeoth_aha_f,agvegepeasaha_f,agvegepeasahamkt_f,agvegepeasahapro_f,agvegepeasakg_f,agvegepeasakgmkt_f,agvegepeasakgpro_f,agvegepotaaha_f,agvegepotaahamkt_f,agvegepotaahapro_f,agvegepotaato_f,agvegepotaatomkt_f,agvegepotaatopro_f,agvegepumpaha_f,agvegepumpato_f,agvegetomaaha_f,agvegetomaahamko_f,agvegetomaahamkt_f,agvegetomaahapro_f,agvegetomaakgmku_f,agvegetomaam2mku_f,agvegetomaato_f,agvegetomaatomko_f,agvegetomaatomkt_f,agvegetomaatopro_f,sa4_name16
101,1330.0,1345.0,1626.0,1403.0,1680.0,1283.0,1013.0,578.0,1680.0,,,,3.0,,,30.0,,,,,3.0,,,30.0,,,,19.0,14.0,,,,,,,944.0,123.0,120.0,,73.0,94.0,,19.0,1475.0,982.0,1231.0,10.0,8.0,2.0,12.0,,,,,,,,,10.0,10.0,,10.0,,,,,,,,,,,27.0,,,,,2.0,2.0,,2.0,,,,,,1.0,1.0,,1.0,16.0,16.0,16.0,,,,,,1.0,1.0,,,,8.0,8.0,1.0,8.0,2.0,6.0,8.0,,2.0,,2.0,1.0,,1.0,,1.0,,,,,9.0,8.0,,8.0,8.0,,,,,,,,,3.0,,,,,,,,3.0,,1545.0,1013.0,1219.0,1376.0,2545.0,,,,2.0,,,15.0,6.0,4.0,,10.0,,4.0,,,7.0,7.0,,,,21.0,,,,,21.0,,40.0,1505.0,,,481.0,481.0,,,34.0,22.0,34.0,1739.0,,,,,2.0,2.0,1.0,1.0,,2.0,2.0,,,,,,,,,1.0,1.0,,,2.0,2.0,,,,,1.0,1.0,,,1.0,1.0,1.0,1.0,,,14.0,1.0,1.0,,1.0,1.0,,,,,,,,,,,,,,1.0,1.0,,,,,Capital Region
102,26.0,13.0,27.0,27.0,4.0,,4.0,6.0,27.0,,,,,,,,,,,,,,,,,,,7.0,,,,,,,,,,,,,,,7.0,1.0,,1.0,,13.0,14.0,13.0,,,,,,,,,,,,,,,9.0,20.0,,,,,,,,,,,,4.0,4.0,1.0,,,,,,,,,,,8.0,8.0,8.0,4.0,,3.0,3.0,3.0,3.0,,,27.0,,,,,,,12.0,21.0,1.0,,,,,,1.0,,1.0,1.0,1.0,7.0,7.0,3.0,5.0,3.0,7.0,5.0,,,,,6.0,6.0,,,,,,,,,,,,,1.0,,1.0,2.0,,6.0,6.0,,2.0,,,10.0,3.0,2.0,,7.0,,6.0,,,,,6.0,,,,,,,,,54.0,3.0,3.0,,,6.0,6.0,,,,,,4.0,,,,,4.0,4.0,,,60.0,24.0,24.0,,,7.0,7.0,6.0,6.0,6.0,6.0,,,3.0,3.0,22.0,22.0,6.0,6.0,22.0,22.0,,,22.0,22.0,,,,,,,55.0,,,,,,,6.0,6.0,,6.0,6.0,,6.0,6.0,10.0,3.0,10.0,,7.0,7.0,10.0,3.0,10.0,,Central Coast
103,1785.0,1704.0,2229.0,2057.0,2537.0,1399.0,1619.0,2052.0,2261.0,829.0,5.0,1021.0,12.0,4.0,6.0,111.0,1393.0,829.0,5.0,1021.0,12.0,4.0,6.0,111.0,1393.0,661.0,661.0,14.0,,27.0,19.0,8.0,27.0,19.0,8.0,2701.0,59.0,,,32.0,25.0,70.0,14.0,2269.0,899.0,1861.0,2.0,2.0,,2.0,,,,,,,,,2.0,2.0,,2.0,,,,,,,,,,,4.0,,,,,,,,,,,,,,4.0,4.0,,4.0,9.0,9.0,9.0,,,10.0,5.0,5.0,6.0,,,20.0,,1.0,1.0,,1.0,,,,5.0,2.0,2.0,,,,,,,5.0,2.0,5.0,5.0,2.0,15.0,,15.0,15.0,,,,,2.0,2.0,,,22.0,,,,,,,,22.0,,2451.0,980.0,2026.0,2219.0,3994.0,,,,,4.0,3.0,4.0,,,1.0,,,3.0,,9.0,47.0,47.0,,705.0,,,,,705.0,,,,5.0,2110.0,,,1434.0,1434.0,,,71.0,71.0,71.0,2758.0,,,,,3.0,3.0,2.0,2.0,,,,3.0,3.0,,,2.0,2.0,2.0,2.0,,,2.0,2.0,,,11.0,11.0,3.0,3.0,2.0,2.0,5.0,5.0,,,,,,,11.0,,,,,,,7.0,2.0,5.0,7.0,2.0,5.0,,,4.0,2.0,4.0,,2.0,2.0,4.0,2.0,4.0,,Central West
104,,,,,23.0,,23.0,,,23.0,30.0,1.0,,,,1.0,,23.0,30.0,1.0,,,,1.0,,26.0,26.0,2.0,,,,,,,,,17.0,21.0,42.0,,17.0,45.0,2.0,23.0,,23.0,6.0,6.0,,5.0,,,,,,,,,,,,,9.0,9.0,3.0,9.0,34.0,26.0,13.0,26.0,,,,,5.0,,5.0,,,,,4.0,4.0,4.0,4.0,5.0,,,,,,,,,,4.0,4.0,4.0,,1.0,25.0,10.0,27.0,,,,,,2.0,2.0,,,,,1.0,1.0,,,,,,4.0,4.0,,,,,,,,,,4.0,4.0,,,,,,,,,,,,,23.0,,23.0,23.0,,5.0,5.0,,,11.0,9.0,10.0,,,3.0,2.0,,5.0,19.0,2.0,,,25.0,,,2.0,,,,,2.0,,,23.0,8.0,8.0,63.0,63.0,56.0,56.0,,4.0,4.0,23.0,119.0,111.0,111.0,,4.0,2.0,,,,,,,,2.0,2.0,7.0,,7.0,,7.0,7.0,,,,,2.0,2.0,,,,,,,,,,,,,,,,,,,,8.0,6.0,2.0,8.0,6.0,2.0,6.0,6.0,9.0,,9.0,,9.0,9.0,9.0,,9.0,,Coffs Harbour - Grafton
105,1623.0,1482.0,1976.0,1769.0,1895.0,1229.0,971.0,1582.0,1988.0,621.0,7.0,,3.0,,25.0,5.0,1078.0,621.0,7.0,,3.0,,25.0,5.0,1078.0,,,8.0,1.0,,,22.0,,,22.0,1732.0,24.0,39.0,39.0,5.0,18.0,50.0,8.0,1592.0,706.0,1203.0,1.0,1.0,,1.0,,,,,,,,,,,2.0,2.0,,,,,2.0,,2.0,,1.0,1.0,,1.0,,,,,,4.0,4.0,,,,,,,,,,3.0,3.0,3.0,2.0,18.0,,,,,2.0,,8.0,17.0,5.0,5.0,,5.0,,,,6.0,2.0,,2.0,2.0,2.0,,,,,6.0,,,,1.0,2.0,3.0,1.0,,,,,,,10.0,8.0,2.0,8.0,,,,,10.0,8.0,2.0,8.0,1764.0,763.0,1338.0,1654.0,2979.0,,,7.0,,3.0,3.0,2.0,1.0,,,3.0,,,,18.0,21.0,21.0,,,8.0,582.0,,,,8.0,582.0,,13.0,1519.0,,,,,,,38.0,34.0,38.0,2035.0,,,,,4.0,4.0,,,32.0,2.0,2.0,,,12.0,12.0,,,,,,,1.0,1.0,8.0,8.0,14.0,14.0,,,,,,,1.0,1.0,6.0,6.0,,,,,,,,,,,,,,,,2.0,2.0,,,,,,,,,,,Far West and Orana
106,,,917.0,,,,82.0,107.0,982.0,47.0,3.0,32.0,,,,,35.0,47.0,3.0,32.0,,,,,35.0,21.0,21.0,15.0,50.0,,,,,,,,47.0,74.0,,48.0,,,15.0,,49.0,92.0,2.0,2.0,,2.0,,,,,8.0,8.0,,8.0,,,,,,,,,,,,,,,,,,,,2.0,2.0,,2.0,,,8.0,8.0,,,,,,,,,,6.0,12.0,4.0,4.0,8.0,,18.0,10.0,18.0,2.0,2.0,2.0,2.0,2.0,,2.0,,3.0,,3.0,,,,,,,,,,,,,,,,,,,,,69.0,61.0,16.0,61.0,8.0,,8.0,,61.0,61.0,8.0,61.0,,50.0,115.0,,1191.0,,,,,7.0,5.0,7.0,2.0,,,5.0,,,6.0,26.0,24.0,24.0,44.0,18.0,,,,,18.0,,,,33.0,,107.0,107.0,,,115.0,115.0,21.0,21.0,21.0,,,,,,10.0,10.0,,,9.0,,,,,,,,,,,,,,,,,,,,,,,,,,,1.0,1.0,,,3.0,,,,,,,3.0,,3.0,3.0,,3.0,,,3.0,,3.0,,3.0,3.0,3.0,,3.0,,Hunter Valley exc Newcastle
107,51.0,44.0,51.0,51.0,2.0,1.0,1.0,,73.0,,,,,,,,,,,,,,,,,,,,,,,,,,,18.0,17.0,29.0,29.0,29.0,29.0,29.0,,1.0,,1.0,,,,,,,,,1.0,1.0,1.0,1.0,,,,,,,,,,,,,,,,,,,,,,,,,,,,,,,,,1.0,1.0,1.0,,,,,,,,,,,,,,,1.0,1.0,1.0,,,,,,,,,,,,,,,1.0,1.0,1.0,1.0,,,,,,,,,,,,,,,,,,,1.0,1.0,,2.0,79.0,,,2.0,,2.0,2.0,2.0,,,2.0,2.0,,,,,,,,,,,,,,,,,,1.0,11.0,11.0,,,,,,,,2.0,,,,,,,1.0,1.0,4.0,1.0,1.0,,,1.0,1.0,1.0,1.0,1.0,1.0,,,,,,,,,2.0,2.0,,,2.0,2.0,,,1.0,1.0,,,3.0,3.0,3.0,,3.0,3.0,,,,,,,,,,1.0,,1.0,,1.0,1.0,1.0,,1.0,,Illawarra
108,,,,,15.0,5.0,10.0,8.0,,,,,,,,,,,,,,,,,,,,16.0,21.0,,,,,,,,96.0,,,129.0,,,16.0,10.0,,10.0,,,9.0,,,,,,,,,,,,,,21.0,21.0,18.0,22.0,7.0,4.0,4.0,4.0,,,,,29.0,18.0,29.0,2.0,2.0,,2.0,5.0,5.0,,5.0,29.0,,,,,4.0,4.0,4.0,,,4.0,4.0,4.0,,6.0,,,,2.0,2.0,,2.0,2.0,,2.0,3.0,6.0,4.0,6.0,4.0,6.0,,,,3.0,,,,,11.0,7.0,11.0,11.0,,,,,,,,,,,,,,,,,,,10.0,,10.0,15.0,1000.0,7.0,7.0,,8.0,30.0,30.0,19.0,5.0,5.0,2.0,12.0,9.0,9.0,,,,,,,8.0,,,,,8.0,,,4.0,15.0,133.0,133.0,113.0,113.0,113.0,113.0,6.0,6.0,6.0,15.0,,,,,10.0,7.0,5.0,5.0,13.0,,,,,,,1.0,,1.0,,1.0,1.0,,,,,,,,,,,,,,,,,,,6.0,3.0,3.0,,3.0,3.0,,,,,,,,,,3.0,,3.0,,3.0,3.0,3.0,,3.0,,Mid North Coast
109,960.0,840.0,1102.0,964.0,1250.0,834.0,667.0,1511.0,1185.0,733.0,,437.0,7.0,314.0,,,1173.0,733.0,,437.0,7.0,314.0,,,1173.0,,,12.0,6.0,,,,,,,2108.0,70.0,81.0,88.0,37.0,86.0,,12.0,1139.0,486.0,923.0,,,,,6.0,5.0,5.0,6.0,1.0,1.0,,1.0,4.0,4.0,4.0,4.0,18.0,18.0,15.0,22.0,,,,,1.0,1.0,,1.0,,,,,,28.0,,5.0,5.0,9.0,9.0,,,,,,5.0,5.0,5.0,2.0,,3.0,3.0,3.0,,,,,,,,33.0,,30.0,4.0,34.0,11.0,13.0,8.0,9.0,,,,,,11.0,4.0,3.0,3.0,3.0,10.0,2.0,10.0,10.0,,,,,,,167.0,164.0,36.0,164.0,,,17.0,,,,18.0,,1143.0,505.0,942.0,1156.0,2505.0,,,9.0,6.0,9.0,9.0,8.0,6.0,6.0,6.0,6.0,6.0,6.0,,17.0,,,58.0,726.0,9.0,,,,726.0,9.0,,,17.0,1095.0,,,1017.0,1017.0,591.0,591.0,47.0,32.0,47.0,1364.0,,,,,,,,,73.0,,,,,3.0,3.0,8.0,8.0,8.0,8.0,4.0,4.0,,,3.0,3.0,,,2.0,2.0,,,2.0,2.0,30.0,30.0,,,,,,,,,,,,7.0,,7.0,7.0,,7.0,,,6.0,3.0,5.0,,3.0,3.0,6.0,3.0,5.0,,Murray
110,3019.0,2635.0,3644.0,3309.0,1613.0,884.0,,1777.0,3710.0,728.0,,,2.0,1.0,,43.0,1044.0,728.0,,,2.0,1.0,,43.0,1044.0,,,,21.0,375.0,234.0,,375.0,234.0,,2215.0,32.0,73.0,39.0,15.0,26.0,80.0,,1391.0,,1121.0,,2.0,1.0,2.0,,,,,1.0,1.0,,1.0,,,1.0,,,,,,,,,,,,1.0,,1.0,1.0,1.0,,,,,,,,,1.0,1.0,1.0,,1.0,,,,,31.0,3.0,3.0,3.0,,,37.0,11.0,39.0,21.0,21.0,1.0,21.0,,,,,,,,,,,,,,,,1.0,1.0,,1.0,,,,,,,1.0,1.0,5.0,5.0,,5.0,1.0,1.0,,1.0,4.0,4.0,,4.0,1441.0,,1206.0,1276.0,4495.0,,,13.0,,10.0,6.0,8.0,,,,7.0,,5.0,30.0,2.0,67.0,67.0,,,,655.0,6.0,6.0,,,655.0,1241.0,55.0,1429.0,,,,,139.0,139.0,38.0,45.0,46.0,1767.0,2.0,2.0,2.0,2.0,1.0,,9.0,9.0,41.0,,,,,4.0,4.0,,,,,,,,,,,4.0,4.0,,,,,,,,,,,,,25.0,,,,,,,1.0,1.0,,1.0,1.0,,1.0,1.0,1.0,,1.0,,1.0,1.0,1.0,,1.0,,New England and North West
111,,,,,,,,,,,,,,,,,,,,,,,,,,,,1.0,,,,,,,,4.0,,,,,,,1.0,,,,1.0,,1.0,1.0,,,,,,,,,,,,,,,,,,,,,,,,,,,,,,,,,,,,,,,,,,,,,,,,,,,,,,,,,,,,,,,,,,,,,,,,,,,,,,,,,,,,,,,,,,,,,,,,,,,,,6.0,,,4.0,,3.0,3.0,3.0,,,,3.0,,3.0,,,,,,,,,,,,,,,,,,,,,,,,,,,,,,,,,,,,,,,,,,,,,,,,,,,,,,,,,,,,,,,,,,,,,,,,,,,,,,,,,,,,,,,,,,,Newcastle and Lake Macquarie
112,,,,,31.0,3.0,28.0,,893.0,,24.0,,8.0,,,,4.0,,24.0,,8.0,,,,4.0,19.0,19.0,29.0,,,,,,,,944.0,75.0,115.0,91.0,55.0,88.0,123.0,29.0,29.0,4.0,25.0,,,5.0,34.0,3.0,3.0,3.0,,,,,,,,,,,,32.0,,,,7.0,,,,,,336.0,,336.0,16.0,16.0,3.0,17.0,20.0,20.0,7.0,20.0,336.0,,,,,8.0,8.0,8.0,1.0,449.0,,,,,,422.0,,427.0,12.0,12.0,3.0,13.0,26.0,9.0,29.0,27.0,13.0,1.0,13.0,,7.0,2.0,,2.0,27.0,3.0,,,,8.0,1.0,8.0,8.0,,,,,,,,,,,,,,,,,,,29.0,,29.0,29.0,1523.0,23.0,23.0,,,77.0,63.0,,6.0,6.0,5.0,,,,389.0,11.0,17.0,17.0,43.0,,,,,,,,,,8.0,29.0,72.0,72.0,82.0,82.0,80.0,80.0,,,,31.0,,,,,5.0,5.0,8.0,8.0,88.0,8.0,8.0,,,4.0,4.0,8.0,4.0,8.0,4.0,4.0,4.0,4.0,4.0,6.0,6.0,8.0,8.0,4.0,4.0,10.0,10.0,14.0,14.0,4.0,4.0,,,,,59.0,2.0,2.0,,2.0,2.0,,4.0,4.0,,4.0,4.0,,13.0,13.0,7.0,4.0,7.0,,3.0,3.0,7.0,4.0,7.0,,Richmond - Tweed
113,1255.0,1118.0,1420.0,1250.0,1760.0,961.0,1207.0,1935.0,1444.0,946.0,,597.0,11.0,325.0,,55.0,1538.0,946.0,,597.0,11.0,325.0,,55.0,1538.0,,,14.0,5.0,114.0,113.0,1.0,114.0,113.0,1.0,2887.0,64.0,57.0,57.0,34.0,57.0,77.0,14.0,1520.0,440.0,1364.0,1.0,1.0,,,,,,8.0,,,13.0,,,,,,,,2.0,2.0,,,,,6.0,6.0,,6.0,,,,,,,,,,,,,3.0,3.0,,3.0,,,,,345.0,7.0,7.0,7.0,1.0,9.0,345.0,137.0,359.0,271.0,271.0,,275.0,26.0,13.0,35.0,5.0,12.0,7.0,,9.0,9.0,,,,5.0,,,,20.0,,,,,,,,,,,301.0,300.0,,300.0,4.0,4.0,,4.0,301.0,300.0,,300.0,1588.0,455.0,1405.0,1605.0,3546.0,,,,4.0,,,,3.0,1.0,,,1.0,,343.0,2.0,42.0,42.0,,859.0,,402.0,,,859.0,,402.0,,6.0,1511.0,,,1124.0,1124.0,,,39.0,25.0,39.0,1881.0,,,,,,,,,,,,,,1.0,1.0,1.0,,1.0,,1.0,1.0,1.0,1.0,1.0,1.0,,,1.0,1.0,1.0,1.0,2.0,2.0,,,,,,,14.0,,,,,,,,,1.0,,,1.0,,,1.0,,1.0,,1.0,1.0,1.0,,1.0,,Riverina
114,130.0,,153.0,129.0,15.0,6.0,9.0,11.0,,,4.0,,,,,,7.0,,4.0,,,,,,7.0,4.0,4.0,4.0,1.0,,,,,,,,,,,,,,4.0,6.0,,6.0,,,,,,,,,1.0,1.0,,1.0,,,,,,,,,,,,,,,,,,,,,,,,,,,,,1.0,1.0,,1.0,1.0,1.0,1.0,1.0,,2.0,2.0,2.0,,,,1.0,,,,,,,,,2.0,1.0,,1.0,,,,,,2.0,,,,,,1.0,,,,,,,1.0,1.0,9.0,9.0,1.0,9.0,,,,,9.0,9.0,1.0,9.0,10.0,,10.0,15.0,,3.0,3.0,,2.0,6.0,6.0,2.0,,,,,2.0,4.0,,4.0,,,3.0,3.0,,3.0,,,3.0,,3.0,121.0,,15.0,95.0,95.0,,,43.0,43.0,,2.0,2.0,22.0,,,,,4.0,4.0,1.0,1.0,,2.0,2.0,1.0,1.0,1.0,1.0,2.0,2.0,2.0,2.0,,,,,,,1.0,1.0,1.0,1.0,1.0,1.0,,,,,2.0,2.0,,,,1.0,1.0,,1.0,1.0,,,,,,,,1.0,1.0,,1.0,,1.0,,,,1.0,,1.0,Southern Highlands and Shoalhaven
115,32.0,,34.0,34.0,,,,,34.0,,,,,,,,,,,,,,,,,1.0,1.0,,3.0,,,,,,,294.0,,,,,,,,,,,,,,,,,,,,,,,1.0,1.0,,1.0,,,,,,,,,3.0,3.0,,3.0,,,,3.0,3.0,,3.0,,,,,,1.0,1.0,,1.0,,,,1.0,,,,,,5.0,,,,4.0,4.0,,4.0,,1.0,,10.0,,,,5.0,,,,,8.0,,8.0,8.0,3.0,,3.0,,,,,,,,,,,,,,,,,,,,,9.0,,9.0,9.0,,1.0,1.0,,,,,,3.0,,,16.0,4.0,46.0,,1.0,,,,,,,,,,,,14.0,1.0,,,,1.0,1.0,1.0,1.0,4.0,2.0,4.0,9.0,,,,,,,1.0,1.0,,3.0,3.0,,,30.0,30.0,27.0,26.0,27.0,26.0,1.0,1.0,,,36.0,36.0,22.0,22.0,36.0,36.0,22.0,22.0,41.0,41.0,3.0,3.0,,,1.0,1.0,,,,,,,,7.0,6.0,1.0,7.0,6.0,1.0,14.0,14.0,10.0,,10.0,,4.0,4.0,10.0,,10.0,,Sydney - Baulkham Hills and Hawkesbury
116,2.0,2.0,,2.0,,,,,6.0,,,,,,,,,,,,,,,,,,,6.0,12.0,,,,,,,28.0,3.0,3.0,3.0,,3.0,3.0,6.0,,,,2.0,2.0,2.0,2.0,,,,,,,,,,,,,,,,,,,,,,,,,,,,,,,,,,,,,,,,,,,,,,,,,,,,,,,,,,,,,,,,,,,,,,,,,,,,,,,,,,,,,,,,,,,,,,,,,,,,,57.0,,,2.0,,,,,,,,,,,,,,,,,,,,,,,,,,,,,,,,,,,,,,,,,,,,,25.0,,,,,,,,,,,,,,,,,,,,,,,,,,,,,,,25.0,,,,,,,,,,,,,,,,,,,,,,,,,Sydney - Blacktown
119,,,,,,,,,,,,,,,,,,,,,,,,,,,,,,,,,,,,1.0,,,,,,,,,,,,,,,,,,,,,,,,,,,,,,,,,,,,,,,,,,,,,,,,,,,,,,,,,,,,,,,,,,,,,,,,,,,,,,,,,,,,,,,,,,,,,,,,,,,,,,,,,,,,,,,,,,,1.0,,,,,,,,,,,,,,,,,,,,,,,,,,,,,,,,,,,,,,,,,,,,,,,,1.0,,,,,,,,,,,,,,,,,,,,,,,,,,,,,,,1.0,,,,,,,,,,,,,,,,,,,,,,,,,Sydney - Inner South West
121,1.0,1.0,1.0,1.0,,,,,1.0,,,,,,,,,,,,,,,,,,,,,,,,,,,10.0,,,,,,,,,,,,,,,,,,,,,,,,,,,,,,,,,,,,,,,,,,,,,,,,,,,,,,,,,,,,,,,,,,,,,,,,,,,,,,,,,,,,,,,,,,,,,,,,,,,,,,,,,,,,,,,,,,,10.0,,,9.0,,9.0,9.0,,,,,,9.0,,,,,,,,,,,,,,,,,,,,1.0,1.0,1.0,1.0,,,,,,,,,,,,,,,,,,,,,,,,,,,,,,,,,,,,,,,,,,,,,,,,,,,,,,,,,,,,,,,,,,,,,Sydney - North Sydney and Hornsby
122,2.0,2.0,2.0,2.0,1.0,1.0,1.0,1.0,2.0,1.0,,1.0,,,1.0,,,1.0,,1.0,,,1.0,,,,,,,1.0,,1.0,1.0,,1.0,3.0,,,,,,,,1.0,1.0,1.0,,,,,,,,,,,,,,,,,,,,,,,,,,,,,,,,,,,,,,,,,,,,,,,,,,,,,,,,,,,,,,,,,,,,,,,,,,,,,,,,,,,,,,,,,,,,,,,,,,,,,1.0,1.0,1.0,1.0,13.0,,,2.0,,2.0,2.0,2.0,,,,,,2.0,,,,,,,,,,,,,,12.0,,1.0,1.0,1.0,1.0,1.0,1.0,1.0,,,,1.0,,,,,,,,,,,,,,,,,,,,,,,,,,,,,,,,,,,,,,,,,,,,,,,,,,,,,,,,,,,,,,,,,Sydney - Northern Beaches
123,41.0,38.0,,,11.0,,11.0,4.0,,,,,1.0,,,,,,,,1.0,,,,,1.0,1.0,3.0,18.0,,,,,,,,12.0,12.0,16.0,4.0,8.0,16.0,3.0,8.0,,8.0,7.0,7.0,2.0,4.0,,,,,1.0,1.0,1.0,3.0,1.0,1.0,,1.0,,,,,,,,,,,,,,,,1.0,1.0,,1.0,,,,,,1.0,1.0,,1.0,3.0,3.0,3.0,,4.0,,,,,,3.0,1.0,3.0,1.0,1.0,,1.0,1.0,,1.0,1.0,,,,,,,,,1.0,,1.0,1.0,,3.0,,3.0,3.0,,,,,1.0,1.0,,,,,,,,,,,,,8.0,,8.0,11.0,,8.0,8.0,28.0,2.0,17.0,17.0,6.0,2.0,1.0,,15.0,9.0,2.0,3.0,,,,3.0,,,,,,,,,56.0,17.0,16.0,5.0,5.0,13.0,13.0,5.0,5.0,,,,16.0,,,,,4.0,4.0,,,,8.0,8.0,,,23.0,23.0,3.0,3.0,3.0,3.0,1.0,1.0,,,9.0,9.0,3.0,3.0,10.0,10.0,3.0,3.0,14.0,14.0,3.0,3.0,2.0,2.0,,,19.0,4.0,4.0,,4.0,4.0,,1.0,,1.0,1.0,,1.0,3.0,3.0,16.0,4.0,16.0,,12.0,12.0,16.0,4.0,16.0,,Sydney - Outer South West
124,17.0,17.0,17.0,9.0,3.0,1.0,2.0,1.0,21.0,,,,,,,1.0,,,,,,,,1.0,,4.0,4.0,12.0,10.0,,,,,,,,6.0,10.0,,,6.0,10.0,12.0,4.0,,4.0,2.0,2.0,,,,,,,,,,,,,,,2.0,2.0,,2.0,,,,,,,,,3.0,,3.0,1.0,1.0,,1.0,,,,,3.0,,,,,3.0,3.0,3.0,,21.0,5.0,5.0,5.0,,1.0,19.0,,19.0,10.0,10.0,,10.0,2.0,,2.0,2.0,2.0,,2.0,1.0,,,,,2.0,,1.0,1.0,,3.0,,3.0,3.0,,,,,,,,,,,,,,,,,,,2.0,,2.0,4.0,,2.0,2.0,,,9.0,7.0,5.0,,,,2.0,,2.0,19.0,,,,,,,,,,,,,6.0,5.0,5.0,,,7.0,7.0,,,,,,5.0,,,,,14.0,8.0,4.0,4.0,75.0,4.0,4.0,,,27.0,27.0,21.0,21.0,21.0,21.0,,,,,4.0,4.0,8.0,8.0,20.0,20.0,3.0,3.0,24.0,24.0,1.0,1.0,3.0,3.0,,,51.0,,,,,,,4.0,,4.0,4.0,,4.0,12.0,12.0,3.0,,3.0,,3.0,3.0,3.0,,3.0,,Sydney - Outer West and Blue Mountains
127,11.0,,12.0,,1.0,,1.0,1.0,13.0,1.0,,,,,,,1.0,1.0,,,,,,,1.0,,,7.0,,,,,,,,,1.0,1.0,1.0,,1.0,1.0,7.0,,,,16.0,12.0,15.0,14.0,,,,,,,,,,,,,,,,,,,,,,,,,,,,,,,,,,,,,,,,,,,,,8.0,2.0,2.0,2.0,,4.0,6.0,,6.0,,,,,,,,,,,,4.0,,,,,,,,,,,,,,,,,,6.0,6.0,,,,,,,,,,,,,,,,1.0,,23.0,23.0,42.0,1.0,30.0,24.0,,,5.0,,7.0,1.0,3.0,2.0,1.0,1.0,1.0,,1.0,,1.0,,,1.0,,1.0,3.0,8.0,,,,23.0,23.0,1.0,1.0,,,,1.0,,,,,,,4.0,4.0,,5.0,5.0,,,9.0,9.0,,,,,,,,,5.0,5.0,,,,,4.0,4.0,4.0,4.0,25.0,25.0,,,,,,,,,,,,,,,,,,5.0,5.0,26.0,10.0,26.0,,18.0,18.0,26.0,10.0,26.0,,Sydney - South West
201,,,,,655.0,,,,,,,,,,,26.0,,,,,,,,26.0,,,,9.0,,,,,,,,,46.0,40.0,40.0,37.0,41.0,50.0,9.0,,,,7.0,7.0,,7.0,,,,,5.0,5.0,,5.0,,,,,,,,,,,,,,,,,,,,,,,,,,,,,5.0,5.0,,5.0,,,,,9.0,5.0,5.0,5.0,,,5.0,,5.0,,,,,,,,3.0,5.0,,5.0,,,5.0,,5.0,2.0,3.0,,,,,,,,,,,,1.0,1.0,16.0,16.0,,16.0,,,,,16.0,16.0,,16.0,,,,,1113.0,118.0,118.0,22.0,1.0,15.0,15.0,1.0,1.0,1.0,,3.0,1.0,4.0,5.0,,29.0,29.0,21.0,,4.0,109.0,,,,4.0,109.0,78.0,2.0,,75.0,75.0,,,,,3.0,2.0,3.0,,,,,,,,,,121.0,4.0,4.0,,,3.0,3.0,,,,,,,2.0,2.0,3.0,3.0,,,1.0,1.0,,,1.0,1.0,,,1.0,1.0,,,10.0,,,,,,,114.0,30.0,91.0,114.0,30.0,91.0,,,1.0,1.0,1.0,,,,1.0,1.0,1.0,,Ballarat
202,,,,,,,,,,,2.0,,,,,,,,2.0,,,,,,,,,1.0,8.0,,,,,,,905.0,42.0,41.0,41.0,14.0,42.0,42.0,1.0,,,,1.0,1.0,,1.0,2.0,2.0,2.0,,26.0,26.0,11.0,26.0,,,,,,,,,,,,,9.0,9.0,5.0,9.0,,,,,,,,,,,,,15.0,15.0,,15.0,,,,,49.0,15.0,15.0,15.0,11.0,2.0,49.0,28.0,49.0,,,,,,,,,3.0,2.0,3.0,2.0,,,,,,,,,,,,,,,,,,,,44.0,44.0,,44.0,,,,,44.0,44.0,,44.0,,,,,1121.0,,,3.0,,2.0,2.0,2.0,,,,2.0,,,49.0,,91.0,91.0,53.0,,,138.0,,,,,138.0,180.0,21.0,,116.0,116.0,,,,,43.0,39.0,43.0,,,,,,,,,,11.0,,,,,,,,,,,,,,,,,,,,,,,,,,,4.0,4.0,,,2.0,,,,,,,,,,,,,,,,1.0,1.0,,1.0,1.0,,1.0,1.0,,Bendigo
203,,,,150.0,,,,,,,7.0,54.0,,,,,,,7.0,54.0,,,,,,83.0,83.0,11.0,,,,,,,,,15.0,15.0,25.0,15.0,18.0,29.0,11.0,,128.0,,10.0,9.0,1.0,9.0,,,,,,,,,2.0,2.0,,2.0,,,,,,,,,2.0,2.0,,2.0,,,,,,,,,,,,,,,,,2.0,2.0,2.0,,18.0,13.0,13.0,13.0,,,15.0,,15.0,,,,,,,,,,,,,,,,,,,,,,2.0,,2.0,2.0,,,,,3.0,3.0,7.0,7.0,4.0,7.0,,,,,7.0,7.0,4.0,7.0,,118.0,,,,44.0,44.0,26.0,7.0,23.0,16.0,19.0,,,,17.0,,,15.0,13.0,21.0,21.0,12.0,62.0,8.0,51.0,,,62.0,8.0,51.0,69.0,1.0,,44.0,44.0,,,,,10.0,10.0,10.0,,,,,,,,,,,6.0,6.0,,,,,,,,,,,,,,,3.0,3.0,1.0,1.0,4.0,4.0,5.0,5.0,,,,,5.0,5.0,15.0,3.0,3.0,,3.0,3.0,,,,,,,,,,3.0,,3.0,,3.0,3.0,3.0,,3.0,,Geelong
204,1635.0,1531.0,1918.0,1646.0,,,,,2017.0,25.0,4.0,,15.0,,,55.0,,25.0,4.0,,15.0,,,55.0,,,,58.0,2.0,,,,,,,1526.0,,,,73.0,,,58.0,,,,15.0,13.0,1.0,15.0,,,,,24.0,24.0,16.0,24.0,,,,,1.0,1.0,,1.0,,,,,29.0,29.0,12.0,29.0,,,,4.0,4.0,,4.0,,,,,,11.0,11.0,4.0,11.0,1.0,1.0,1.0,,,14.0,14.0,14.0,,,,,,4.0,4.0,,4.0,4.0,4.0,4.0,23.0,,,,,,1.0,,1.0,22.0,6.0,8.0,8.0,,13.0,8.0,13.0,13.0,,,,,4.0,4.0,,,,,,,,,,,,,,,,,2866.0,,,34.0,,16.0,,6.0,,4.0,,3.0,,4.0,,44.0,20.0,20.0,38.0,175.0,,25.0,,,175.0,,25.0,,14.0,,,,,,,,19.0,12.0,19.0,1033.0,,,,,,,,,13.0,,,,,,,1.0,1.0,1.0,1.0,,,,,,,1.0,1.0,,,1.0,1.0,1.0,1.0,,,7.0,7.0,,,,,,,,,,1.0,1.0,,1.0,1.0,,,,1.0,,1.0,,1.0,1.0,1.0,,1.0,,Hume
205,2145.0,1682.0,2562.0,1875.0,,,,,3361.0,8.0,15.0,,8.0,,2.0,20.0,52.0,8.0,15.0,,8.0,,2.0,20.0,52.0,88.0,88.0,51.0,4.0,,,,,,,2390.0,882.0,1015.0,1032.0,,1016.0,1139.0,51.0,,,,13.0,10.0,4.0,13.0,,,,,10.0,10.0,,10.0,5.0,5.0,2.0,5.0,6.0,6.0,3.0,6.0,,,,,7.0,7.0,5.0,7.0,,3.0,3.0,3.0,3.0,,3.0,,,,,,5.0,5.0,,5.0,5.0,5.0,5.0,2.0,23.0,3.0,3.0,3.0,3.0,3.0,19.0,10.0,19.0,6.0,6.0,,6.0,9.0,6.0,9.0,5.0,10.0,3.0,10.0,3.0,,,,,5.0,,10.0,10.0,3.0,5.0,2.0,5.0,5.0,,,,,3.0,3.0,,,,,,,,,,,,,,,,,3697.0,235.0,235.0,,3.0,,,,,5.0,,15.0,1.0,8.0,23.0,49.0,11.0,11.0,16.0,35.0,1.0,21.0,,,35.0,1.0,21.0,,83.0,,990.0,990.0,2098.0,2098.0,1929.0,1929.0,84.0,51.0,84.0,,,,,,4.0,1.0,,,,,,3.0,3.0,9.0,9.0,4.0,3.0,4.0,3.0,1.0,1.0,4.0,4.0,6.0,6.0,,,9.0,9.0,4.0,4.0,12.0,12.0,,,,,7.0,7.0,,17.0,17.0,,17.0,17.0,,,62.0,13.0,,62.0,13.0,5.0,5.0,6.0,3.0,4.0,2.0,1.0,1.0,6.0,3.0,4.0,2.0,Latrobe - Gippsland
208,,,,,,,,,,,,,,,,,,,,,,,,,,,,,,,,,,,,9.0,,,,,,,,,,,,,,,,,,,,,,,,,,,,,,,,,,,,,,,,,,,,,,,,,,,,,,,,,,,,,,,,,,,,,,,,,,,,,,,,,,,,,,,,,,,,,,,,,,,,,,,,,,,,,,,,,,,9.0,,,8.0,,8.0,2.0,8.0,5.0,5.0,,,,,,,,,,,,,,,,,,,,,,,,,,,,,,,,,,,,,,,1.0,,,,,,,,,,,,,1.0,1.0,,,,,,,,,,,,,,,,,1.0,,,,,,,,,,,,,,,,,,,,,,,,,Melbourne - Inner South
209,96.0,60.0,97.0,97.0,32.0,,32.0,5.0,97.0,,,,,,,,5.0,,,,,,,,5.0,,,13.0,,,,,,,,127.0,,,,,,,13.0,12.0,,12.0,9.0,9.0,,,1.0,1.0,1.0,1.0,11.0,11.0,3.0,11.0,2.0,2.0,,2.0,,,,,,,,,2.0,2.0,,2.0,,,,,,,,,,,,,11.0,11.0,,11.0,2.0,2.0,2.0,,27.0,,,,,,12.0,4.0,12.0,,,,,3.0,3.0,3.0,13.0,,,,,,,,,13.0,13.0,,,,9.0,,9.0,9.0,,,,,2.0,2.0,1.0,1.0,1.0,1.0,,,,,1.0,1.0,1.0,1.0,23.0,11.0,12.0,32.0,145.0,16.0,16.0,21.0,,12.0,12.0,6.0,,,,6.0,,9.0,13.0,14.0,9.0,9.0,,,,,,,,,,58.0,,24.0,15.0,15.0,66.0,66.0,41.0,41.0,,,,32.0,,,,,,,,,,1.0,1.0,,,,,,,,,,,,,,,,,,,,,,,,,2.0,2.0,,,3.0,1.0,1.0,,1.0,1.0,,,,,,,,,,,,,,,,,,,,Melbourne - North East
210,63.0,37.0,69.0,61.0,44.0,17.0,41.0,8.0,69.0,8.0,,,,,,,8.0,8.0,,,,,,,8.0,,,9.0,,,,,,,,,,,,,,,9.0,30.0,3.0,27.0,2.0,,2.0,,,,,,,,,,,,,,,,,,,,,,5.0,5.0,5.0,5.0,,,,,,,,,,,,,,,,,,,,,13.0,8.0,8.0,8.0,2.0,,13.0,8.0,13.0,,,,,,,,,,,,,,,,,,,,,,,,,,,,,,,,2.0,2.0,,2.0,,,,,2.0,2.0,,2.0,27.0,6.0,20.0,38.0,,11.0,11.0,2.0,,,,,,,,,,,13.0,,3.0,3.0,,8.0,,,,,8.0,,,6.0,6.0,45.0,9.0,9.0,47.0,47.0,32.0,32.0,,,,,,,,,,,,,,,,,,,,,,,,,,,,,,,,,,,,,,,,,,,,,,,,,,,,,,,,,,,,,,,,,,,,,Melbourne - North West
211,66.0,61.0,75.0,67.0,3.0,,3.0,,75.0,,,,,,,,,,,,,,,,,,,1.0,2.0,,,,,,,,,,,,,,1.0,6.0,,6.0,,,,,,,,,,,7.0,,4.0,4.0,,4.0,,,,,,,,,30.0,30.0,16.0,30.0,,,,2.0,2.0,,2.0,,,,,,7.0,7.0,1.0,7.0,2.0,2.0,2.0,,,,,,,,,,,5.0,5.0,,5.0,13.0,9.0,13.0,47.0,,,,,,,,,43.0,10.0,5.0,5.0,3.0,3.0,1.0,3.0,3.0,,,,,,,75.0,75.0,1.0,75.0,14.0,14.0,,14.0,61.0,61.0,1.0,61.0,6.0,,6.0,3.0,,,,,2.0,,,,1.0,,,11.0,7.0,,,,,,,,,,,,,,,52.0,,6.0,,,81.0,81.0,81.0,81.0,14.0,14.0,14.0,6.0,,,,,2.0,2.0,,,26.0,,,10.0,10.0,,,7.0,3.0,7.0,3.0,4.0,4.0,,,,,,,,,,,,,,,,,,,,,,,,,,,,,,,,,,9.0,5.0,9.0,,5.0,5.0,9.0,5.0,9.0,,Melbourne - Outer East
212,,253.0,,,20.0,,20.0,1.0,,,,,,,,,1.0,,,,,,,,1.0,,,6.0,16.0,,,,,,,,138.0,137.0,,78.0,142.0,,6.0,20.0,,20.0,,,,,,,,,11.0,11.0,6.0,11.0,3.0,3.0,,3.0,,,,,,,,,,,,,,,,,,,,,,,,,5.0,5.0,,5.0,,,,,20.0,,,,,,20.0,12.0,20.0,,,,,6.0,6.0,6.0,6.0,,,,,,,,,6.0,3.0,,,,,,,,,,,,,,3.0,3.0,,3.0,,,,,3.0,3.0,,3.0,13.0,,13.0,21.0,,,,,6.0,,,24.0,13.0,2.0,4.0,6.0,12.0,25.0,20.0,22.0,18.0,18.0,,,,,,,,,,127.0,1.0,19.0,164.0,164.0,,,,,,,,22.0,,,,,4.0,4.0,,,64.0,1.0,1.0,1.0,1.0,1.0,1.0,,,,,,,1.0,1.0,,,,,5.0,5.0,,,5.0,5.0,,,,,2.0,2.0,53.0,,,,,,,9.0,5.0,8.0,9.0,5.0,8.0,,,,,,,,,,,,,Melbourne - South East
213,17.0,9.0,18.0,12.0,20.0,8.0,12.0,6.0,49.0,2.0,,,,,,,,2.0,,,,,,,,33.0,33.0,7.0,2.0,,,,,,,,32.0,31.0,31.0,,33.0,33.0,7.0,20.0,,20.0,,,,,,,,,3.0,3.0,,3.0,2.0,2.0,,2.0,,,,,,,,,,,,,,,,,,,,,,,,,2.0,2.0,,2.0,2.0,2.0,2.0,,3.0,,,,,,3.0,,3.0,,,,,,,,2.0,,,,,,,,,2.0,,,,,2.0,,2.0,2.0,,,,,,,,,,,,,,,,,,,20.0,3.0,20.0,17.0,,,,11.0,2.0,10.0,9.0,6.0,,2.0,,2.0,,,3.0,,9.0,9.0,3.0,,,,,,,,,6.0,1.0,18.0,5.0,5.0,49.0,49.0,9.0,9.0,3.0,,3.0,21.0,,,,,1.0,1.0,,,,70.0,70.0,,,36.0,36.0,,,,,,,,,61.0,61.0,,,15.0,15.0,,,15.0,15.0,,,,,,,8.0,1.0,1.0,,1.0,1.0,,3.0,3.0,,3.0,3.0,,2.0,2.0,4.0,4.0,4.0,,4.0,4.0,4.0,4.0,4.0,,Melbourne - West
214,33.0,41.0,63.0,42.0,5.0,1.0,4.0,5.0,63.0,,,,,,,,5.0,,,,,,,,5.0,,,21.0,,,,,,,,,1.0,,,,,1.0,21.0,1.0,1.0,,9.0,,9.0,9.0,1.0,,,1.0,29.0,29.0,12.0,31.0,12.0,12.0,1.0,13.0,12.0,12.0,1.0,13.0,,,,,15.0,15.0,4.0,16.0,,1.0,1.0,,,1.0,1.0,,,1.0,1.0,,18.0,18.0,1.0,19.0,3.0,4.0,3.0,4.0,41.0,16.0,15.0,15.0,1.0,1.0,36.0,12.0,37.0,,,1.0,1.0,,1.0,1.0,5.0,1.0,1.0,,,1.0,,,,4.0,1.0,12.0,12.0,,3.0,4.0,4.0,3.0,,,,,5.0,5.0,43.0,43.0,3.0,43.0,,,,,43.0,43.0,3.0,43.0,4.0,1.0,3.0,3.0,,,,39.0,,30.0,17.0,22.0,3.0,,,12.0,4.0,12.0,37.0,14.0,,,,,,,,,,,,56.0,,3.0,14.0,14.0,78.0,78.0,78.0,78.0,,,,5.0,,,,,,,1.0,1.0,43.0,14.0,14.0,1.0,1.0,12.0,12.0,,,,,,,15.0,15.0,13.0,13.0,,,16.0,16.0,12.0,12.0,29.0,29.0,,,,,,,31.0,,,,,,,12.0,12.0,,12.0,12.0,,,,,,,,,,,,,,Mornington Peninsula
215,,,,,2038.0,1391.0,1089.0,2826.0,,2233.0,,832.0,42.0,,1.0,27.0,2349.0,2233.0,,832.0,42.0,,1.0,27.0,2349.0,,,6.0,3.0,,,,,,,3952.0,,,,83.0,,,6.0,1764.0,,1495.0,11.0,11.0,,10.0,,,,,6.0,6.0,,6.0,,,8.0,,,,16.0,,,,,,,,,,,,,,,,,1.0,1.0,,2.0,,2.0,2.0,,2.0,,,,,,24.0,24.0,24.0,8.0,2.0,,109.0,,,,,,,8.0,,4.0,34.0,3.0,33.0,2.0,,2.0,,2.0,4.0,2.0,,,8.0,74.0,,77.0,74.0,,,,,,,653.0,639.0,,639.0,,,143.0,,,204.0,60.0,204.0,1800.0,,1449.0,1811.0,4475.0,159.0,159.0,63.0,,51.0,45.0,22.0,35.0,1.0,,8.0,,4.0,,7.0,,,81.0,762.0,2.0,1425.0,,,762.0,2.0,1425.0,,35.0,1700.0,,,1574.0,1574.0,,,61.0,52.0,61.0,2186.0,,,,,3.0,,,,,4.0,4.0,,,,,,,,,,,,,,,,,2.0,2.0,,,2.0,2.0,,,,,,,,1.0,1.0,,1.0,1.0,,15.0,11.0,,15.0,11.0,,,,,,,,,,,,,,North West
216,,,,,,125.0,,,1436.0,,34.0,153.0,4.0,,,,,,34.0,153.0,4.0,,,,,,,,1.0,,,,,,,1781.0,,,,,,849.0,,,56.0,,51.0,50.0,1.0,51.0,,,,,123.0,123.0,,123.0,,,21.0,,,,,,,,,,21.0,21.0,11.0,21.0,,,,,,,,,,,,,135.0,135.0,32.0,135.0,,,,,190.0,3.0,3.0,3.0,,5.0,186.0,,186.0,14.0,14.0,,14.0,4.0,1.0,4.0,9.0,,,,5.0,3.0,,,,9.0,6.0,,,,,,,,,,,,1.0,1.0,48.0,48.0,11.0,48.0,1.0,1.0,,1.0,46.0,46.0,11.0,46.0,,56.0,,,2237.0,,,66.0,11.0,16.0,13.0,13.0,3.0,11.0,,12.0,11.0,11.0,187.0,,75.0,75.0,4.0,,1.0,23.0,,,,1.0,23.0,155.0,4.0,,,,,,,,,,,,,,,,1.0,1.0,,,34.0,,,,,4.0,4.0,1.0,1.0,1.0,1.0,,,3.0,3.0,4.0,4.0,1.0,1.0,3.0,3.0,,,3.0,3.0,1.0,1.0,,,1.0,1.0,,,,,,,,,,,,,,2.0,2.0,18.0,,,,,,18.0,,,,Shepparton
217,1723.0,1665.0,1970.0,1693.0,1488.0,,1280.0,,2914.0,,16.0,,,,,7.0,,,16.0,,,,,7.0,,214.0,214.0,4.0,1.0,,,,,,,2558.0,885.0,1112.0,1178.0,,1124.0,1245.0,4.0,1328.0,,1175.0,6.0,6.0,1.0,6.0,,,,,,,,,,,,,,,,,,,,,,,,,,,,,,,,,,,,,,,,,,,,,,,,,,,,,,,,,,,,,3.0,,,,,,,,,3.0,1.0,,,,,,,,,,,,1.0,1.0,,,1.0,,,,,,,,1.0,,1312.0,,1183.0,1144.0,3853.0,,,,4.0,8.0,8.0,6.0,,4.0,,,1.0,1.0,,7.0,109.0,109.0,45.0,,10.0,88.0,,,,10.0,88.0,,10.0,1320.0,,,2203.0,2203.0,2058.0,2058.0,49.0,36.0,49.0,1577.0,,,,,,,,,16.0,3.0,3.0,3.0,3.0,,,,,,,,,,,,,,,,,,,,,,,,,3.0,3.0,6.0,,,,,,,5.0,3.0,3.0,5.0,3.0,3.0,,,9.0,3.0,9.0,,7.0,7.0,9.0,3.0,9.0,,Warrnambool and South West
301,4.0,4.0,4.0,4.0,,,,1.0,4.0,,,,,,,,,,,,,,,,,,,4.0,7.0,,,,,,,,,,,,,,4.0,,,,6.0,4.0,5.0,4.0,,,,,,,,,,,,,,,,,,,,,,,,,,,,,,,,,,,,,,,,,,,,,,,,,,,,,,,,,,,,,,,,,,,,,,,,,,,,,,,,,,,,,,,,,,,,,,,,,,,,,,1.0,1.0,,2.0,,,,,1.0,3.0,,,,,1.0,,,1.0,,,,,,,,,2.0,,,,,1.0,1.0,,,,,,,,,,,,,,,6.0,,,,,,,,,,,,,1.0,1.0,,,,,,,,,,,,,2.0,2.0,,,3.0,,,,,,,,,,,,,1.0,1.0,,,,,,,,,,,Brisbane - East
302,,,,,,,,,,,,,,,,,,,,,,,,,,,,2.0,,,,,,,,,,,,,,,2.0,,,,,,,,,,,,,,,,,,,,,,,,,,,,,,,,,,,,,,,,,,,,,,,,,,,,,,,,,,,,,,,,,,,,,,,,,,,,,,,,,,,,,,,,,,,,,,,,,,,,,,,,,,,,2.0,,,,,,,,,,,,,,,,,,,,,,,,,,,2.0,,,,,,,,,,,,,,,,,,,,,,,,,,,,,,,,,,,,,,,,,,,,,,,,,,,,,,,,,,,,,,,,,,,,,,,,,,,,,Brisbane - North
303,1.0,1.0,1.0,1.0,,,,,1.0,,,,,,,,,,,,,,,,,,,,,,,,,,,12.0,,,,,,,,,,,,,,,,,,,,,,,,,,,,,,,,,,,,,,,,,,,,,,,,,,,,,,,,,,,,,,,,,,,,,,,,,,,,,,,,,,,,,,,,,,,,,,,,,,,,,,,,,,,,,,,,,,,13.0,,,3.0,,1.0,1.0,1.0,,,,,,1.0,,,,,,,,,,,,,,,,,,,,,,,,,,,,,,,2.0,2.0,,,9.0,,,,,1.0,1.0,,,,,,,,,,,,,1.0,1.0,,,1.0,1.0,,,,,,,7.0,,,,,,,,,,,,,,,,,,,,,,,,,Brisbane - South
304,,,,,,,,,,,,,,,,,,,,,,,,,,,,,,,,,,,,3.0,,,,,,,,,,,,,,,,,,,,,,,,,,,2.0,2.0,2.0,2.0,,,,,,,,,,,,,,,,2.0,2.0,,2.0,,,,,,,,,,2.0,,,,,2.0,2.0,2.0,2.0,,,,,,,,,,,,2.0,2.0,,,,,,,,,,,,,,,,,,,,,,,,,,,,,,,,,,,3.0,,,1.0,,1.0,1.0,,,,1.0,,,,2.0,,,,,,,,,,,,,,,,,,,,,,,,,,,,,,,,,,,,,,,,,,,,,,,,,,,,,,,,,,,,,,,,,,,,,,,,,,,,,,,,,,,,,,,,,,Brisbane - West
306,350.0,280.0,366.0,304.0,,,,755.0,416.0,,36.0,,3.0,7.0,7.0,,,,36.0,,3.0,7.0,7.0,,,,,10.0,7.0,,,,,,,1041.0,,,,,,,10.0,,,,17.0,10.0,7.0,7.0,,,,,,,,,,,,,,,18.0,,,,,,,,,,3.0,3.0,3.0,,,10.0,10.0,15.0,15.0,,15.0,3.0,,,,,,,,,,,,,,48.0,,,,,,,,,40.0,,56.0,,,,48.0,25.0,,,,54.0,18.0,,,,,,,,3.0,3.0,3.0,3.0,,,,,,,,,,,,,,,6.0,,6.0,3.0,1362.0,3.0,3.0,32.0,,12.0,10.0,9.0,,,4.0,4.0,,7.0,,3.0,10.0,10.0,9.0,,13.0,14.0,21.0,21.0,,13.0,14.0,,3.0,3.0,10.0,10.0,,,,,3.0,3.0,3.0,6.0,740.0,701.0,701.0,,3.0,3.0,,,63.0,,,,,,,,,,,,,,,,,,,,,,,,,6.0,6.0,,,,,22.0,,,,,,,20.0,19.0,8.0,20.0,19.0,8.0,20.0,20.0,,,,,,,,,,,Cairns
307,2913.0,2559.0,3392.0,2948.0,657.0,,,2264.0,3479.0,776.0,,,,,655.0,,972.0,776.0,,,,,655.0,,972.0,,,25.0,2.0,307.0,229.0,,307.0,229.0,,2686.0,,,,57.0,,,25.0,,,,9.0,9.0,,9.0,,,,,,,12.0,,12.0,12.0,5.0,,19.0,19.0,,19.0,,,,,4.0,4.0,2.0,6.0,10.0,,10.0,,,,,,,,,10.0,15.0,15.0,2.0,15.0,,,,2.0,109.0,,,,,1.0,,,,,,,,6.0,,7.0,48.0,,,,1.0,,,,,43.0,7.0,,,12.0,,5.0,,,,,,,6.0,6.0,,,3.0,,,,1.0,,,,3.0,,609.0,,,,4656.0,,,,,9.0,9.0,,,,,,1.0,,,32.0,,,,,35.0,839.0,,,,35.0,839.0,840.0,48.0,,,,,,,,,,,695.0,,,,,3.0,1.0,16.0,16.0,,,,,,,,,,,,,,5.0,5.0,,,4.0,4.0,9.0,9.0,3.0,3.0,12.0,12.0,9.0,9.0,2.0,2.0,,,,,,,,,,10.0,6.0,3.0,10.0,6.0,3.0,,,,,,,4.0,4.0,,,,,Darling Downs - Maranoa
308,1868.0,1873.0,2123.0,2056.0,17.0,,17.0,335.0,2138.0,17.0,23.0,11.0,,,,,193.0,17.0,23.0,11.0,,,,,193.0,,,,,,,6.0,,,6.0,535.0,20.0,61.0,77.0,18.0,25.0,84.0,,7.0,,7.0,,,,,,,,,,,,,,,,,5.0,5.0,2.0,5.0,,,,,,,,,,3.0,,1.0,1.0,1.0,1.0,15.0,15.0,7.0,15.0,,,,,,,,,,,,,,,7.0,,13.0,,,,,,1.0,,1.0,,,,,7.0,5.0,,,,,,,,,,,,,17.0,17.0,17.0,17.0,2.0,2.0,5.0,5.0,1.0,5.0,4.0,4.0,,4.0,1.0,1.0,1.0,1.0,9.0,,9.0,17.0,2412.0,95.0,95.0,,,11.0,8.0,11.0,2.0,,,6.0,,6.0,,5.0,,,14.0,,8.0,219.0,3.0,3.0,,8.0,219.0,,7.0,19.0,,,,,,,18.0,16.0,18.0,21.0,,,,,6.0,6.0,2.0,2.0,,2.0,2.0,,,,,2.0,2.0,2.0,2.0,,,,,,,4.0,4.0,,,,,,,5.0,5.0,,,,,4.0,,,,,,,,,,,,,6.0,6.0,,,,,,,,,,,Central Queensland
309,17.0,17.0,17.0,17.0,,,,52.0,24.0,,,,,,,,,,,,,,,,,,,1.0,,,,,,,,,7.0,7.0,7.0,7.0,7.0,7.0,1.0,,,,2.0,,2.0,3.0,,,,,,,,,,,,,13.0,13.0,6.0,13.0,,,2.0,,,,,,,,,,,,,,,,,,,,,,,,,,27.0,,,,,7.0,13.0,6.0,13.0,,,,,,,,10.0,,,,7.0,,,,,10.0,,,,,,,,,,,,,,,,,,,,,,,,,,,,,,,,,,43.0,,39.0,,24.0,1.0,,3.0,13.0,1.0,,13.0,1.0,9.0,9.0,,,,,,,,,,26.0,,,,,9.0,9.0,,,,,,,52.0,52.0,52.0,28.0,2.0,2.0,,,28.0,7.0,7.0,,,,,,,,,,,,,,,,,,,17.0,17.0,17.0,17.0,,,1.0,1.0,,,3.0,,,,,,,,,,,,,,,,,,,,,,,,,Gold Coast
310,327.0,350.0,,355.0,1.0,,1.0,,,38.0,34.0,10.0,,,19.0,,10.0,38.0,34.0,10.0,,,19.0,,10.0,36.0,36.0,,15.0,,,,,,,,37.0,57.0,55.0,34.0,58.0,66.0,,1.0,,1.0,2.0,2.0,,2.0,,,,,,,,,,,,,9.0,9.0,1.0,9.0,,,,,,,,,,,,,,,,7.0,7.0,,7.0,,,,,,,,,,15.0,2.0,2.0,2.0,,8.0,11.0,1.0,11.0,,,,,7.0,,7.0,,1.0,,1.0,8.0,,,,,,,,,,,,,,,,,,4.0,4.0,,,,,,,,,,,,,1.0,,1.0,,,158.0,158.0,20.0,4.0,8.0,8.0,1.0,,,,1.0,,,11.0,6.0,20.0,20.0,12.0,1.0,19.0,33.0,,,1.0,19.0,33.0,295.0,,1.0,61.0,61.0,,,175.0,175.0,1.0,1.0,1.0,1.0,,,,,10.0,6.0,19.0,19.0,,9.0,9.0,,,24.0,24.0,,,,,,,11.0,11.0,,,15.0,15.0,10.0,10.0,9.0,9.0,19.0,19.0,14.0,14.0,2.0,2.0,19.0,19.0,,9.0,9.0,,9.0,9.0,,10.0,9.0,1.0,10.0,9.0,1.0,51.0,51.0,20.0,6.0,20.0,,16.0,16.0,20.0,6.0,20.0,,Ipswich
311,231.0,238.0,254.0,242.0,6.0,,6.0,7.0,274.0,,6.0,,6.0,,,,6.0,,6.0,,6.0,,,,6.0,22.0,22.0,,18.0,,,,,,,170.0,26.0,26.0,26.0,32.0,48.0,54.0,,,,,2.0,2.0,2.0,2.0,,,,,,,,,,,,,,,,,,,,,,,,,,,,,,,,,,,,,,,,,,,,,,,,,,,,,,,,,,,,,,,,,,,,,,,,,,,,,,,,,,,,,10.0,10.0,,10.0,,,,,10.0,10.0,,10.0,,,,,,94.0,94.0,,,4.0,,2.0,,,2.0,1.0,,1.0,,,22.0,22.0,1.0,,6.0,,,,,6.0,,149.0,34.0,6.0,19.0,19.0,129.0,129.0,35.0,35.0,,,,6.0,,,,,5.0,4.0,,,13.0,,,,,,,,,,,,,,,,,,,,,,,,,,,3.0,3.0,,,11.0,,,,,,,,,,,,,,,,,,,,,,,,,Logan - Beaudesert
312,953.0,834.0,1011.0,890.0,15.0,,15.0,1143.0,1012.0,,7.0,,,3.0,,,,,7.0,,,3.0,,,,,,3.0,1.0,3.0,3.0,,3.0,3.0,,1264.0,2.0,,16.0,,,18.0,3.0,,,,,,,,,,,,,,,,,,,,,,,,,,,,,,,,1.0,,1.0,1.0,1.0,,1.0,34.0,34.0,,35.0,1.0,,,,,,,,,37.0,,,,,,37.0,,38.0,1.0,1.0,,1.0,,,,1.0,,,,,,,,,1.0,,,,,,,,,,,,,1.0,1.0,,,,,,,,,,,,,,,,12.0,1964.0,,,8.0,2.0,5.0,5.0,2.0,,,,3.0,,1.0,34.0,19.0,,,,,5.0,,,,,5.0,,,4.0,12.0,16.0,16.0,62.0,62.0,56.0,56.0,7.0,,7.0,15.0,1058.0,1035.0,1035.0,661.0,4.0,4.0,,,,,,,,,,24.0,24.0,24.0,24.0,,,,,,,,,,,,,,,7.0,7.0,,,,,19.0,,,,,,,,,,,,,14.0,14.0,21.0,21.0,21.0,,,,21.0,21.0,21.0,,Mackay - Isaac - Whitsunday
313,103.0,102.0,106.0,103.0,,,,1.0,121.0,,,,,,,,,,,,,,,,,,,5.0,14.0,,,,,,,,12.0,15.0,21.0,6.0,15.0,21.0,5.0,,,,2.0,2.0,,2.0,,,,,,,,,,,,,10.0,10.0,,11.0,11.0,11.0,9.0,11.0,,,,,4.0,2.0,4.0,,,,,,,1.0,2.0,4.0,,,,,,,,,,,,,,,16.0,4.0,17.0,,,,,1.0,1.0,1.0,,,,,,,,,,,,,,,,,,,,,,,,,,,,,,,,,,,,,,,,,,8.0,8.0,50.0,1.0,35.0,33.0,19.0,,15.0,2.0,4.0,,14.0,15.0,,2.0,2.0,1.0,,,,,,,,,20.0,,,22.0,22.0,16.0,16.0,8.0,8.0,,,,,,,,,13.0,12.0,,,4.0,,,,,,,,,,,,,,,,,,,2.0,2.0,,,2.0,2.0,,,1.0,1.0,,,2.0,,,,,,,,,,,,,,,,,,,,,,,,,Moreton Bay - North
314,6.0,6.0,6.0,6.0,,,,,6.0,,,,,,,,,,,,,,,,,,,,,,,,,,,4.0,6.0,6.0,6.0,6.0,6.0,6.0,,,,,,,,,,,,,,,,,,,,,,,,,,,,,,,,,,,,,,,,,,,,,,,,,,,,,,,,,,,,,,,,,,,,,,,,,,,,,,,,,,,,,,,,,,,,,,,,,,,,,,,,,,,,,20.0,,,4.0,1.0,,,1.0,,,1.0,1.0,,,,,,,,,,,,,,,,10.0,,,,,,,,,,,,,,,,,2.0,2.0,,,,,,,,,,,,,,,,,,,,,,,,,,,,,,,,,,,,,,,,,,,,,,,,,,,,,,,,,,,Moreton Bay - South
315,1437.0,1344.0,1523.0,1437.0,308.0,234.0,,,1523.0,,,4.0,,,6.0,,,,,4.0,,,6.0,,,17.0,17.0,,,,,,,,,226.0,,6.0,5.0,,,8.0,,247.0,162.0,,,,,,,,,,,,,,,,,,,,17.0,,5.0,5.0,1.0,5.0,,,,,,,,3.0,3.0,,3.0,,,,,,,,,,,,,,,,,,,,,,,2.0,2.0,4.0,6.0,,,,,,,,,9.0,,,,,,2.0,2.0,2.0,,,,,1.0,1.0,1.0,1.0,,,6.0,6.0,,6.0,6.0,6.0,,6.0,,,,,256.0,168.0,,,1805.0,7.0,7.0,3.0,,1.0,1.0,,,,,,,,,1.0,12.0,12.0,6.0,,3.0,5.0,,,,3.0,5.0,491.0,7.0,288.0,,,,,,,19.0,17.0,19.0,341.0,,,,5.0,2.0,2.0,4.0,4.0,,,,,,,,,,,,,,,,,,,,,,,,,,6.0,6.0,,,1.0,1.0,6.0,1.0,1.0,,1.0,1.0,,,,,,,,22.0,22.0,1.0,,,1.0,,,1.0,,,1.0,Queensland - Outback
316,19.0,28.0,47.0,44.0,,,,13.0,73.0,,,,,,,,,,,,,,,,,,,,9.0,1.0,1.0,,1.0,1.0,,,26.0,19.0,26.0,20.0,19.0,26.0,,,,,6.0,4.0,2.0,4.0,,,,,,,,,,,,,34.0,34.0,15.0,34.0,2.0,2.0,,2.0,,,,,,4.0,,,,1.0,,2.0,2.0,,2.0,,,,,,,,,,,,,,,29.0,,28.0,,,,,,27.0,1.0,27.0,21.0,,,,29.0,10.0,,,,17.0,11.0,,,,,,,,,,,,13.0,13.0,,,,,,,,,,,,,,,,,,,,76.0,,61.0,38.0,31.0,16.0,,1.0,32.0,1.0,15.0,,,,,,,,,,,,,,70.0,,,,,2.0,2.0,2.0,2.0,1.0,1.0,1.0,,12.0,12.0,12.0,10.0,8.0,7.0,,,35.0,,,,,,,2.0,2.0,2.0,2.0,,,,,,,,,1.0,1.0,,,1.0,1.0,1.0,1.0,3.0,3.0,,,26.0,,,,,,,,,,,,,,,5.0,2.0,5.0,,3.0,3.0,5.0,2.0,5.0,,Sunshine Coast
317,110.0,90.0,117.0,109.0,,,,53.0,130.0,38.0,1.0,8.0,,,18.0,6.0,14.0,38.0,1.0,8.0,,,18.0,6.0,14.0,24.0,24.0,3.0,1.0,4.0,4.0,,4.0,4.0,,,8.0,21.0,29.0,7.0,17.0,30.0,3.0,2.0,,2.0,4.0,4.0,4.0,4.0,,,,,,,,,,,,,2.0,2.0,1.0,2.0,,,,,,,,,,,,,,,,3.0,3.0,,3.0,,,,,,1.0,1.0,1.0,,,,,,,1.0,,2.0,,,,,,,,,,1.0,,1.0,1.0,1.0,,,,,,,,,1.0,1.0,1.0,1.0,,,,,,,,,,,,,,,,,,,,,,,,16.0,16.0,16.0,4.0,10.0,10.0,6.0,1.0,1.0,,1.0,,,,2.0,12.0,12.0,10.0,,,11.0,,,,,11.0,12.0,8.0,,14.0,14.0,60.0,60.0,18.0,18.0,6.0,6.0,6.0,,,,,,2.0,2.0,,,39.0,15.0,15.0,,,10.0,10.0,,,,,,,,,14.0,14.0,5.0,5.0,19.0,19.0,,,19.0,19.0,,,,,,,,,,,,,,14.0,12.0,,14.0,12.0,,13.0,13.0,,,,,,,,,,,Toowoomba
318,,,,,,,,946.0,,,10.0,,6.0,1.0,,,,,10.0,,6.0,1.0,,,,,,,,5.0,5.0,,5.0,5.0,,1083.0,3.0,3.0,3.0,3.0,,3.0,,,,,,,,,,,,,,,,,,,,,,,,,1.0,1.0,,1.0,,,,,,,,,,,,46.0,46.0,5.0,51.0,,,,,,,,,,64.0,,,,,5.0,57.0,12.0,62.0,,,,,17.0,6.0,17.0,,,,,5.0,,,,,,,,,,,,,,,,,,,,,,,,,,,,,,,,,,,,1349.0,,,33.0,,22.0,17.0,16.0,,1.0,,12.0,,16.0,61.0,6.0,,,,,8.0,25.0,,,,8.0,25.0,,3.0,,,,53.0,53.0,52.0,52.0,,,,,936.0,912.0,912.0,,11.0,5.0,13.0,13.0,,,,,,,,,,,,,,,,,,7.0,7.0,,,,,,,25.0,25.0,,,,,17.0,,,,,,,,,,,,,27.0,27.0,11.0,11.0,11.0,5.0,,,11.0,11.0,11.0,5.0,Townsville
319,1771.0,1608.0,1911.0,1778.0,83.0,13.0,72.0,820.0,1956.0,128.0,,22.0,5.0,,59.0,,69.0,128.0,,22.0,5.0,,59.0,,69.0,48.0,48.0,,13.0,4.0,1.0,3.0,4.0,1.0,3.0,1394.0,60.0,,,61.0,65.0,,,68.0,25.0,68.0,,,3.0,,,,,,,,,,,,,,,,,,9.0,9.0,,9.0,,,,,,,,,,37.0,,46.0,46.0,10.0,46.0,,,,,,6.0,6.0,6.0,,257.0,1.0,1.0,1.0,1.0,39.0,236.0,,241.0,40.0,40.0,9.0,42.0,60.0,27.0,,31.0,,,,39.0,11.0,,,,30.0,2.0,2.0,2.0,,6.0,,6.0,6.0,30.0,29.0,28.0,29.0,5.0,5.0,9.0,9.0,1.0,9.0,7.0,7.0,,7.0,2.0,2.0,1.0,2.0,70.0,,70.0,89.0,2763.0,,,,,26.0,25.0,20.0,11.0,,,,,1.0,,,68.0,68.0,85.0,,44.0,60.0,90.0,90.0,,44.0,60.0,,35.0,102.0,76.0,76.0,,,141.0,141.0,76.0,59.0,76.0,113.0,457.0,434.0,434.0,,4.0,4.0,18.0,18.0,,,,1.0,1.0,1.0,1.0,,,,,,,1.0,1.0,1.0,1.0,1.0,1.0,2.0,2.0,,,2.0,2.0,40.0,40.0,3.0,3.0,,,,,,,,,,,,4.0,,,4.0,40.0,40.0,29.0,27.0,29.0,,2.0,2.0,29.0,27.0,29.0,,Wide Bay
401,,,,,,,,4.0,,1.0,,,,,,,4.0,1.0,,,,,,,4.0,17.0,17.0,3.0,7.0,,,,,,,349.0,12.0,15.0,16.0,8.0,15.0,18.0,3.0,,6.0,,11.0,11.0,,10.0,,,,,,,,,8.0,8.0,,8.0,,,,,,,,,,,20.0,,,,,,,,,,,,,,,,9.0,,5.0,5.0,5.0,,,10.0,10.0,10.0,,6.0,,,,,,,,14.0,5.0,14.0,,2.0,,2.0,6.0,6.0,,,,,,10.0,10.0,5.0,16.0,2.0,16.0,16.0,,,,,5.0,5.0,,,24.0,,,,,,,,24.0,,,6.0,,,434.0,8.0,8.0,28.0,,18.0,16.0,7.0,,,,9.0,,9.0,,2.0,5.0,5.0,,,,1.0,,,,,1.0,,5.0,,32.0,32.0,,,,,1.0,1.0,1.0,,,,,,,,,,17.0,4.0,4.0,2.0,2.0,,,1.0,1.0,1.0,1.0,,,4.0,4.0,4.0,4.0,1.0,1.0,1.0,1.0,,,1.0,1.0,,,,,,,2.0,,,,,,,14.0,14.0,,14.0,14.0,,4.0,4.0,1.0,1.0,1.0,,,,1.0,1.0,1.0,,Adelaide - Central and Hills
402,9.0,8.0,12.0,9.0,21.0,11.0,16.0,,12.0,26.0,,4.0,2.0,,,,,26.0,,4.0,2.0,,,,,18.0,18.0,6.0,3.0,,,,,,,302.0,1.0,,,,,1.0,6.0,5.0,,5.0,,1.0,,,18.0,18.0,18.0,10.0,,,,,,,,,,,,,,,,,,,,,,,,,,,,,,,,,,,,,,,,,27.0,14.0,14.0,14.0,5.0,,32.0,15.0,32.0,,,,,,,,,,,,,,,,,,,,,,,,,,,,,,,,21.0,20.0,6.0,20.0,1.0,,1.0,,20.0,20.0,5.0,20.0,7.0,,7.0,15.0,329.0,6.0,6.0,22.0,,19.0,16.0,5.0,,1.0,,9.0,2.0,6.0,27.0,1.0,,,,2.0,,17.0,,,2.0,,17.0,9.0,1.0,20.0,5.0,5.0,28.0,28.0,11.0,11.0,10.0,10.0,10.0,27.0,,,,,,,,,,3.0,3.0,,,18.0,18.0,,2.0,,2.0,,,10.0,10.0,15.0,15.0,,,8.0,8.0,2.0,2.0,11.0,11.0,,,,,7.0,7.0,,,,,,,,,,,,,,,,,2.0,,2.0,,,,2.0,,2.0,Adelaide - North
403,13.0,15.0,15.0,15.0,25.0,4.0,20.0,8.0,15.0,8.0,,,,,,,2.0,8.0,,,,,,,2.0,5.0,5.0,4.0,,,,,,,,,,,,,,,4.0,15.0,,14.0,2.0,2.0,2.0,,5.0,5.0,5.0,5.0,,,,,,,,,,,,,,,,,,,,,,,,,,,,,,,,,8.0,8.0,,8.0,,,,,37.0,19.0,19.0,19.0,,,32.0,8.0,32.0,,,,,,,,,5.0,,5.0,,,,,,,,,,,,,,,,,,,,,,,,,,,,,,,,,9.0,,8.0,9.0,,5.0,5.0,10.0,,8.0,2.0,8.0,,,,2.0,,5.0,37.0,,2.0,2.0,,,,2.0,,,,,2.0,16.0,,16.0,,,13.0,13.0,5.0,5.0,,,,25.0,,,,,,,,,1.0,,,,,,,,,,,,,,,,,,,,,,,,,,,1.0,1.0,,,,,,,,,,,,,,,,,,,,,,,,,,,,Adelaide - South
405,,,,,1554.0,1247.0,513.0,1990.0,,1582.0,,,38.0,,,26.0,1783.0,1582.0,,,38.0,,,26.0,1783.0,847.0,847.0,,,,,,,,,2482.0,9.0,12.0,12.0,11.0,10.0,12.0,,1411.0,823.0,973.0,,,,,,,,,3.0,3.0,,3.0,5.0,5.0,,5.0,,,,,,,,,5.0,5.0,,5.0,,,,,,,,,,,,,2.0,2.0,,2.0,5.0,5.0,5.0,,60.0,18.0,18.0,18.0,,,31.0,,31.0,,,,,,,,,2.0,,2.0,,,,,,,,,,,5.0,,5.0,5.0,,,,,,,,,,,5.0,,5.0,,,,,,1486.0,824.0,1040.0,1387.0,2807.0,94.0,94.0,,,,,,,,,,,,60.0,35.0,,,50.0,,5.0,1228.0,,,,5.0,1228.0,,16.0,1453.0,46.0,46.0,1113.0,1113.0,,,,,,1753.0,,,,,,,,,15.0,1.0,1.0,,,,,5.0,5.0,5.0,5.0,,,,,5.0,5.0,,,1.0,1.0,,,1.0,1.0,,,1.0,1.0,1.0,1.0,2.0,,,,,,,3.0,,1.0,3.0,,1.0,,,,,,,,,,,,,Barossa - Yorke - Mid North
406,,,,,1001.0,857.0,,1012.0,,737.0,,,29.0,,,6.0,956.0,737.0,,,29.0,,,6.0,956.0,,,1.0,,,,,,,,1017.0,,,,,,,1.0,934.0,720.0,529.0,,,,,,,,,,,,,,,,,,,,,,,,,,,,,,,,,,,,,,,,,,,,,,,,,6.0,,,,,,,,,,,,,,,,,,,,,,,,,,,,,,,,,,,,,,,,,,,,,,,,,,,,965.0,731.0,533.0,947.0,1321.0,1.0,1.0,,,,,,,,,,,,6.0,10.0,28.0,28.0,25.0,351.0,,350.0,,,351.0,,350.0,,10.0,868.0,13.0,13.0,,,,,13.0,7.0,13.0,1022.0,,,,,,,,,7.0,,,,,,,,,,,,,,,,,,,,,,,,,,,,,,,6.0,,,,,,,,,,,,,,,7.0,,7.0,,7.0,7.0,7.0,,7.0,,South Australia - Outback
407,1417.0,1490.0,1788.0,1594.0,2296.0,1508.0,1199.0,1561.0,1909.0,1161.0,1.0,,,,3.0,,1056.0,1161.0,1.0,,,,3.0,,1056.0,890.0,890.0,23.0,,,,,,,,3672.0,,205.0,195.0,,204.0,236.0,23.0,2090.0,927.0,1821.0,,,,,,,,,20.0,20.0,13.0,20.0,,,22.0,,34.0,34.0,34.0,45.0,,,,,22.0,22.0,14.0,26.0,,,,,,32.0,,,,,,,15.0,15.0,9.0,17.0,,,,19.0,,37.0,37.0,37.0,17.0,28.0,360.0,,,191.0,191.0,33.0,191.0,,14.0,,18.0,5.0,2.0,5.0,,27.0,22.0,21.0,22.0,13.0,18.0,17.0,,12.0,,19.0,,,,,,,7.0,7.0,947.0,942.0,107.0,942.0,14.0,9.0,13.0,9.0,938.0,933.0,94.0,933.0,2220.0,938.0,1859.0,2039.0,4536.0,,,,,,20.0,15.0,,7.0,,11.0,1.0,9.0,,20.0,,,,,5.0,643.0,,,,5.0,643.0,,50.0,2114.0,,,1900.0,1900.0,810.0,810.0,,,,2403.0,,,,,,,,,,4.0,4.0,,,3.0,3.0,6.0,,6.0,,6.0,6.0,12.0,12.0,4.0,4.0,,,5.0,5.0,3.0,3.0,7.0,7.0,7.0,7.0,,,23.0,23.0,22.0,3.0,3.0,,3.0,3.0,,48.0,,,48.0,,,20.0,20.0,23.0,8.0,23.0,,16.0,16.0,23.0,8.0,23.0,,South Australia - South East
501,,,810.0,,,,,,929.0,57.0,,58.0,,,,,18.0,57.0,,58.0,,,,,18.0,130.0,130.0,22.0,5.0,,,,,,,1212.0,,,,,,,22.0,,,,14.0,14.0,,14.0,21.0,21.0,21.0,4.0,,,40.0,,28.0,28.0,,29.0,,,54.0,,,,,,15.0,15.0,8.0,15.0,28.0,4.0,28.0,28.0,28.0,12.0,32.0,14.0,14.0,,14.0,28.0,40.0,40.0,3.0,40.0,36.0,36.0,36.0,6.0,,21.0,21.0,21.0,3.0,12.0,,,,29.0,29.0,7.0,33.0,26.0,2.0,27.0,15.0,14.0,4.0,14.0,11.0,2.0,4.0,,4.0,10.0,5.0,23.0,23.0,4.0,36.0,1.0,37.0,36.0,,,,,,,281.0,280.0,55.0,280.0,7.0,6.0,1.0,6.0,275.0,275.0,54.0,275.0,,,,,1590.0,11.0,11.0,52.0,,42.0,34.0,25.0,6.0,7.0,,15.0,8.0,14.0,,,21.0,21.0,1.0,38.0,,,,,38.0,,,144.0,1.0,,,,684.0,684.0,,,5.0,4.0,5.0,,,,,,4.0,4.0,1.0,1.0,,22.0,22.0,,,10.0,10.0,10.0,10.0,10.0,10.0,,,6.0,6.0,15.0,15.0,,,4.0,4.0,,,4.0,4.0,13.0,13.0,,,10.0,10.0,55.0,,,,,,,,,,,,,39.0,39.0,28.0,14.0,28.0,,14.0,14.0,28.0,14.0,28.0,,Bunbury
502,73.0,,86.0,77.0,28.0,18.0,23.0,,,,,,,,,,,,,,,,,,,14.0,14.0,7.0,5.0,,,,,,,,5.0,5.0,5.0,4.0,5.0,5.0,7.0,13.0,,13.0,,,,,,,,,,,,,,,,,,,,,,,,,,,,,,,,,,,,,,,,,,,,,,,,,,,,,,,,,,,,,,,,,,,,,,,,,,,,,,,,,,,,,,,,,1.0,1.0,,1.0,1.0,1.0,,1.0,,,,,18.0,,18.0,20.0,,,,,,,,,,,,,,,,4.0,3.0,3.0,,,,,,,,,,39.0,5.0,24.0,6.0,6.0,,,,,1.0,1.0,1.0,29.0,,,,,,,,,,,,,,,,,,,,,,,,,,,,,,,,,,,,,,,,,,,,,,,,,,,,,,,,,,,,,,,,,Mandurah
504,23.0,24.0,24.0,24.0,11.0,,11.0,,24.0,,,,,,,,,,,,,,,,,,,5.0,,,,,,,,,,,,,,,5.0,11.0,,11.0,3.0,3.0,,3.0,,,,,,,,,,,,,,,,,,,,,,,,,,,,3.0,3.0,,3.0,,,,,,,,,,,,,,6.0,,,,,,4.0,4.0,4.0,3.0,3.0,,3.0,3.0,3.0,3.0,,,,,,,,,,,,,,,,,,,,,,,2.0,2.0,,,15.0,,,,15.0,,25.0,25.0,3.0,25.0,11.0,,11.0,,,,,13.0,,6.0,6.0,,3.0,,,3.0,,,4.0,3.0,,,,,,,,,,,,20.0,,11.0,1.0,1.0,2.0,2.0,1.0,1.0,,,,11.0,,,,,4.0,4.0,,,4.0,,,,,,,1.0,,1.0,,1.0,1.0,,,,,,,,,,,,,3.0,3.0,,,,,1.0,,,,,,,,,,,,,,,,,,,,,,,,,Perth - North East
505,,2.0,2.0,2.0,,,,,2.0,,,,,,,,,,,,,,,,,,,2.0,7.0,,,,,,,,,,,,,,2.0,,,,5.0,5.0,5.0,5.0,,,,,,,,,,,,,2.0,2.0,,2.0,,,,,,,,,,,,,,,,,,,,,,,,,,,,,13.0,,,,,,2.0,,2.0,,,,,,,,,,,,,,,,,,,,,,,,,,,,,,11.0,11.0,3.0,3.0,3.0,3.0,,,,,3.0,3.0,3.0,3.0,,,,,,,,47.0,,35.0,33.0,12.0,,,7.0,7.0,,11.0,2.0,,,,,,,,,,,,,6.0,,,,,,,,,,,,,,,,,8.0,8.0,4.0,4.0,40.0,4.0,4.0,,,3.0,3.0,7.0,6.0,7.0,6.0,,,,,2.0,2.0,,,3.0,3.0,,,3.0,3.0,5.0,5.0,,,,,24.0,2.0,,2.0,2.0,,2.0,,,,,,,2.0,2.0,9.0,7.0,8.0,,2.0,2.0,9.0,7.0,8.0,,Perth - North West
506,48.0,43.0,60.0,54.0,6.0,,6.0,,64.0,,,,,,,,,,,,,,,,,5.0,5.0,,11.0,,,,,,,,7.0,7.0,7.0,7.0,7.0,7.0,,7.0,,7.0,7.0,3.0,7.0,13.0,,,,,,,4.0,,,,6.0,,19.0,19.0,15.0,26.0,,,,,7.0,7.0,1.0,7.0,,,,17.0,17.0,3.0,17.0,,,3.0,3.0,,,,2.0,,,,,25.0,,4.0,4.0,4.0,,5.0,,,,17.0,17.0,6.0,20.0,17.0,9.0,17.0,6.0,,,,2.0,5.0,,3.0,3.0,3.0,3.0,,,11.0,,28.0,,,,,,,,,7.0,7.0,,7.0,,,,,7.0,7.0,,7.0,9.0,,9.0,4.0,249.0,,,28.0,7.0,20.0,17.0,14.0,,,,10.0,,8.0,,,,,,,,,,,,,,,3.0,6.0,4.0,4.0,48.0,48.0,44.0,44.0,1.0,1.0,1.0,7.0,,,,,1.0,1.0,,,15.0,,,,,,,8.0,,8.0,,8.0,8.0,5.0,5.0,,,,,1.0,1.0,3.0,3.0,4.0,4.0,,,,,,,7.0,,,,,,,1.0,1.0,,1.0,1.0,,,,,,,,,,,,,,Perth - South East
507,,,,,,,,,,,,,,,,,,,,,,,,,,,,9.0,,,,,,,,56.0,,,,,,,9.0,,,,5.0,3.0,2.0,5.0,,,,,,,,,,,,,2.0,2.0,,2.0,,,,,,,,,,,,,,,,,,,,,,,,,,,,,2.0,,,,,,2.0,,2.0,,,,,,,,,,,,,,,,,,,,,,,,,,,,,,,,2.0,2.0,,2.0,,,,,2.0,2.0,,2.0,,,,,66.0,,,9.0,,1.0,1.0,1.0,,,,1.0,,,2.0,3.0,,,,,,,,,,,,3.0,,,,,,,,,,,,,,,,,3.0,3.0,,,45.0,,,,,,,,,,,,,13.0,13.0,,,,,,,,,,,,,1.0,1.0,13.0,13.0,31.0,,,,,,,,,,,,,,,,,,,,,,,,,Perth - South West
509,864.0,826.0,1020.0,937.0,3240.0,2626.0,1048.0,3549.0,1035.0,2493.0,,1877.0,16.0,,,29.0,2703.0,2493.0,,1877.0,16.0,,,29.0,2703.0,1284.0,1284.0,36.0,10.0,,,,,,,4243.0,,22.0,15.0,15.0,19.0,25.0,36.0,2765.0,1871.0,1751.0,17.0,14.0,11.0,14.0,,,,,,,1.0,,6.0,6.0,,6.0,,,4.0,,,,,,4.0,4.0,,4.0,1.0,2.0,3.0,27.0,27.0,,28.0,5.0,5.0,,5.0,1.0,,,,,8.0,8.0,8.0,1.0,,18.0,18.0,18.0,2.0,,,,,24.0,24.0,3.0,25.0,,,,8.0,1.0,1.0,1.0,,,,,,7.0,4.0,5.0,5.0,,11.0,,11.0,11.0,,,,,4.0,4.0,,,,,2.0,2.0,2.0,2.0,,,,,2959.0,2008.0,1836.0,2719.0,4888.0,22.0,22.0,,,,,,,,,5.0,,,,13.0,112.0,112.0,,1820.0,5.0,1099.0,,,1820.0,5.0,1099.0,,21.0,2914.0,102.0,102.0,1650.0,1650.0,,,,55.0,,3426.0,,,,,8.0,7.0,,,51.0,9.0,9.0,1.0,1.0,6.0,6.0,,1.0,,1.0,,,12.0,12.0,,,,,11.0,11.0,,,12.0,12.0,3.0,3.0,,,2.0,2.0,35.0,,,,,,,,,,,,,,,,1.0,,1.0,2.0,2.0,,1.0,,1.0,Western Australia - Wheat Belt
510,96.0,97.0,103.0,100.0,,1.0,,14.0,103.0,,7.0,1.0,,,2.0,,,,7.0,1.0,,,2.0,,,2.0,2.0,,,,,,,,,,,,,,,,,,1.0,,5.0,,5.0,5.0,,,,,,,,,,,,,,,,,1.0,1.0,1.0,1.0,,,,,,,,,,,,34.0,34.0,,34.0,,,,,,,,,,34.0,,,,,6.0,34.0,,34.0,,,,,6.0,,6.0,,,,,6.0,,,,,,,,,,,,,,,,,,,,,,,,,,,,,,,,,1.0,,1.0,173.0,,,33.0,5.0,22.0,18.0,22.0,11.0,5.0,5.0,9.0,5.0,5.0,34.0,,5.0,5.0,3.0,1.0,2.0,8.0,,,1.0,2.0,8.0,22.0,,,9.0,9.0,,,16.0,16.0,,,,,,,,,11.0,11.0,2.0,2.0,16.0,,,,,,,,,,,,,,,,,,,,,,,,,6.0,6.0,,,,,5.0,,,,,,,,,,,,,9.0,9.0,,,,,,,,,,,Western Australia - Outback (North)
511,,,,,647.0,,,1081.0,,555.0,,,16.0,,,15.0,1021.0,555.0,,,16.0,,,15.0,1021.0,,,2.0,,,,,,,,1224.0,1.0,2.0,2.0,1.0,2.0,2.0,2.0,,,,,,1.0,,,,,,1.0,1.0,,1.0,,,,,,,,,41.0,40.0,13.0,40.0,,,,,,,,,,,,51.0,51.0,9.0,51.0,,,,,,,,,,,,,,,,,14.0,,7.0,7.0,,7.0,16.0,5.0,16.0,7.0,,,,,,,,,1.0,6.0,,,,,,,,,,,,,,,,,,,,,,,,,,618.0,,,,1550.0,1.0,1.0,4.0,,2.0,1.0,2.0,,,,1.0,,,48.0,,15.0,15.0,23.0,629.0,,,,,629.0,,,,3.0,,13.0,13.0,,,26.0,26.0,4.0,4.0,4.0,668.0,,,,,,,12.0,12.0,,5.0,5.0,,,5.0,5.0,31.0,25.0,31.0,25.0,7.0,7.0,,,6.0,6.0,6.0,6.0,,,,,,,33.0,33.0,,,12.0,12.0,38.0,,,,,,,,,,,,,24.0,24.0,33.0,33.0,33.0,,,,33.0,33.0,33.0,,Western Australia - Outback (South)
601,23.0,23.0,26.0,26.0,,37.0,30.0,37.0,29.0,22.0,,24.0,,,,1.0,14.0,22.0,,24.0,,,,1.0,14.0,8.0,8.0,4.0,4.0,,,,,,,,2.0,1.0,1.0,,1.0,2.0,4.0,,18.0,46.0,1.0,1.0,,1.0,,,,,5.0,5.0,5.0,9.0,7.0,7.0,6.0,11.0,,,,,,,,,5.0,5.0,10.0,10.0,,,,,,,,,,,,,5.0,5.0,9.0,9.0,5.0,9.0,5.0,5.0,20.0,8.0,8.0,8.0,,,15.0,11.0,20.0,,,,,,,,5.0,1.0,,1.0,,,,,,5.0,,,,,5.0,5.0,9.0,5.0,,,,,9.0,9.0,30.0,25.0,7.0,25.0,,,,,30.0,25.0,7.0,25.0,,18.0,,46.0,,8.0,8.0,,,,4.0,4.0,2.0,,1.0,3.0,1.0,2.0,20.0,3.0,,,1.0,,,,,,,,,13.0,,,,,30.0,30.0,27.0,27.0,12.0,7.0,12.0,,,,,,1.0,1.0,,,17.0,,,,,,,,,,,,,,,,,,,3.0,3.0,,,3.0,3.0,,,,,,,3.0,,,,,,,11.0,11.0,,11.0,11.0,,,,,,,,,,,,,,Hobart
602,525.0,450.0,603.0,506.0,424.0,,355.0,208.0,710.0,,4.0,,5.0,,,11.0,102.0,,4.0,,5.0,,,11.0,102.0,,,6.0,,,,,,,,778.0,124.0,118.0,146.0,,126.0,166.0,6.0,390.0,,368.0,3.0,,3.0,4.0,,,,,7.0,7.0,5.0,7.0,,,,,,,,,,,,,11.0,11.0,4.0,11.0,,,,,,,,,,,,,5.0,5.0,,5.0,,,,,48.0,,,,,,,12.0,,,,,,,,,34.0,4.0,4.0,4.0,,,,,,34.0,17.0,,,,,,,,,,,,,,,,8.0,,,,,,,,8.0,,402.0,,385.0,345.0,934.0,,,11.0,1.0,8.0,6.0,5.0,,4.0,,6.0,1.0,1.0,14.0,7.0,23.0,23.0,120.0,43.0,,,,,43.0,,,,,406.0,270.0,270.0,628.0,628.0,582.0,582.0,15.0,15.0,15.0,457.0,,,,,,,,,153.0,7.0,7.0,,,,,,,,,,,,,,,,,,,,,,,,,1.0,1.0,22.0,22.0,10.0,48.0,1.0,47.0,48.0,1.0,47.0,101.0,,91.0,101.0,,91.0,,,,,,,,,,,,,Launceston and North East
603,186.0,,222.0,188.0,258.0,184.0,157.0,,231.0,27.0,,29.0,,,,,,27.0,,29.0,,,,,,18.0,18.0,,6.0,,,,,,,342.0,,,,1.0,,,,231.0,,186.0,11.0,10.0,2.0,11.0,,,,,,,18.0,,,,,,,,,,,,,,,,7.0,,,,,,,1.0,1.0,,,,,,2.0,2.0,,2.0,,,,,,,1.0,1.0,1.0,,,,,,,,,,,,12.0,,,,,,,,,12.0,5.0,,,,,,,,,,,,,,25.0,25.0,7.0,25.0,,,,,25.0,25.0,7.0,25.0,248.0,,207.0,235.0,456.0,,,,,,,1.0,1.0,1.0,,,3.0,1.0,,1.0,,,,,3.0,3.0,,,,3.0,3.0,,1.0,248.0,,,200.0,200.0,,,,,,264.0,,,,,,,,,26.0,,,,,,,,,,,,,,,,,,,,,,,,,,,,,,,14.0,1.0,1.0,,1.0,1.0,,22.0,22.0,,22.0,22.0,,,,,,,,,,,,,,South East
604,476.0,375.0,560.0,388.0,,24.0,,159.0,775.0,,4.0,9.0,1.0,,,5.0,,,4.0,9.0,1.0,,,5.0,,19.0,19.0,4.0,,,,,,,,771.0,,225.0,240.0,,231.0,293.0,4.0,,,,,,,,,,,,8.0,8.0,4.0,9.0,,,,,6.0,6.0,6.0,6.0,,,,,7.0,7.0,,7.0,,,,,,,,,,,,,,,1.0,5.0,,,,,,,,,,,17.0,11.0,19.0,,,,,,,,,1.0,1.0,,,,,,,,2.0,,,,,,,,,,,,,,6.0,,,,,,,,6.0,,,,,9.0,,,935.0,40.0,40.0,21.0,1.0,15.0,15.0,8.0,1.0,1.0,,8.0,,9.0,19.0,,21.0,21.0,,4.0,,7.0,,,4.0,,7.0,,20.0,,393.0,393.0,572.0,572.0,537.0,537.0,9.0,3.0,9.0,,,,,,,,,,249.0,8.0,8.0,4.0,4.0,,,1.0,,1.0,,1.0,1.0,,,12.0,12.0,,,,,,,,,,,1.0,1.0,,,32.0,,,,,,,165.0,37.0,133.0,165.0,37.0,133.0,11.0,11.0,2.0,,2.0,,2.0,2.0,2.0,,2.0,,West and North West
701,,,,,,,,3.0,,,,,,,,,,,,,,,,,,,,,,,,,,,,101.0,,,,,,,,,,,4.0,4.0,1.0,3.0,,,,,,,,,,,,,,,,,1.0,,1.0,,,,,,,,,,,,,57.0,57.0,20.0,62.0,,,,,,,,,,64.0,,,,,,59.0,21.0,63.0,,,,,,,,,,,,,1.0,,,,,,,,,,,,,2.0,2.0,2.0,2.0,,,,,,,,,,,,,,,,,,,113.0,,,15.0,,,5.0,,3.0,2.0,1.0,4.0,2.0,4.0,64.0,,1.0,1.0,3.0,,,,,,,,,,1.0,,,,,,,,,,,,,,,,2.0,2.0,,,28.0,,,,,,,,,,,,,,,,,,,,,,,,,,,,,,,,,,,,,,,,,,,,2.0,2.0,,,,,,,,,,,Darwin
702,181.0,159.0,189.0,175.0,1.0,,1.0,,189.0,,1.0,,,1.0,1.0,,,,1.0,,,1.0,1.0,,,,,1.0,,,,,,,,89.0,,,,,,,,1.0,,1.0,,,,,,,,,,,,,,,,,,,,,2.0,2.0,,2.0,,,,,,,,,,,,24.0,24.0,11.0,26.0,,,,,,,,,,29.0,,,,,1.0,25.0,12.0,27.0,,,,,,,,,,,,1.0,1.0,,,,,,,,,,,,,,,,,,,3.0,3.0,,3.0,3.0,3.0,,3.0,,,,,1.0,,1.0,1.0,260.0,1.0,1.0,2.0,,2.0,1.0,2.0,,,,1.0,,,28.0,,,,2.0,,1.0,,,,,1.0,,67.0,1.0,1.0,,,37.0,37.0,29.0,29.0,3.0,,3.0,1.0,,,,,,,,,34.0,,,,,1.0,1.0,,,,,,,,,,,,,,,1.0,1.0,1.0,1.0,16.0,16.0,,,,,,,,,,,,,,,,,,,,,1.0,,,2.0,2.0,,1.0,,,Northern Territory - Outback
801,25.0,21.0,28.0,28.0,16.0,12.0,8.0,3.0,28.0,1.0,,,,,,,1.0,1.0,,,,,,,1.0,,,1.0,,,,,,,,9.0,,,,,,,1.0,14.0,7.0,10.0,,,,,,,,,,,,,,,,,,,,,,,,,,,,,,,,,,,,,,,,,,,,,,,,,,,,,,,,,,,,,,,,,,,,,,,,,,,,,,,,,,,,,,,,,1.0,1.0,1.0,1.0,,,,,1.0,1.0,1.0,1.0,14.0,5.0,12.0,12.0,36.0,,,2.0,,2.0,2.0,2.0,,,,,,2.0,,,,,2.0,1.0,,1.0,,,1.0,,1.0,7.0,,13.0,,,3.0,3.0,3.0,3.0,,,,18.0,,,,,,,,,,,,,,,,,,,,,,,,,,,,,,,,,,,,,,,,,,,,,,,,,,,,,,,,,,,,,,,,,Australian Capital Territory
